Timestamp,UTC,Callsign,Position,Altitude,Speed,Direction
1715589404,2024-05-13T08:36:44Z,SPTUL,"49.763763,20.637457",1200,79,9
1715589420,2024-05-13T08:37:00Z,SPTUL,"49.769257,20.640997",1500,75,11
1715589429,2024-05-13T08:37:09Z,SPTUL,"49.771729,20.643166",1600,74,21
1715589439,2024-05-13T08:37:19Z,SPTUL,"49.775051,20.645464",1700,73,20
1715589443,2024-05-13T08:37:23Z,SPTUL,"49.776031,20.645985",1800,77,17
1715589451,2024-05-13T08:37:31Z,SPTUL,"49.779053,20.648136",1800,84,28
1715589457,2024-05-13T08:37:37Z,SPTUL,"49.781055,20.650141",1800,84,37
1715589461,2024-05-13T08:37:41Z,SPTUL,"49.782166,20.651478",1800,86,38
1715589465,2024-05-13T08:37:45Z,SPTUL,"49.783524,20.653183",1800,87,37
1715589467,2024-05-13T08:37:47Z,SPTUL,"49.784313,20.654074",1800,87,37
1715589471,2024-05-13T08:37:51Z,SPTUL,"49.785141,20.655092",1800,86,38
1715589475,2024-05-13T08:37:55Z,SPTUL,"49.786453,20.657192",1700,86,50
1715589480,2024-05-13T08:38:00Z,SPTUL,"49.78743,20.66008",1700,86,48
1715589485,2024-05-13T08:38:05Z,SPTUL,"49.787899,20.663204",1800,78,81
1715589491,2024-05-13T08:38:11Z,SPTUL,"49.788082,20.666248",1800,77,85
1715589496,2024-05-13T08:38:16Z,SPTUL,"49.788223,20.668623",1800,78,86
1715589501,2024-05-13T08:38:21Z,SPTUL,"49.788483,20.67186",1800,82,80
1715589506,2024-05-13T08:38:26Z,SPTUL,"49.788757,20.674969",1800,90,81
1715589511,2024-05-13T08:38:31Z,SPTUL,"49.788895,20.67663",1800,87,94
1715589515,2024-05-13T08:38:35Z,SPTUL,"49.788502,20.679832",1900,80,119
1715589519,2024-05-13T08:38:39Z,SPTUL,"49.78775,20.681618",1900,78,133
1715589524,2024-05-13T08:38:44Z,SPTUL,"49.785736,20.683496",2000,80,159
1715589527,2024-05-13T08:38:47Z,SPTUL,"49.784592,20.68399",2000,80,167
1715589530,2024-05-13T08:38:50Z,SPTUL,"49.78363,20.684076",2000,81,177
1715589533,2024-05-13T08:38:53Z,SPTUL,"49.782452,20.68399",2000,81,187
1715589536,2024-05-13T08:38:56Z,SPTUL,"49.781296,20.683569",2000,82,196
1715589539,2024-05-13T08:38:59Z,SPTUL,"49.78017,20.682877",2000,81,203
1715589542,2024-05-13T08:39:02Z,SPTUL,"49.779099,20.682123",2000,82,203
1715589545,2024-05-13T08:39:05Z,SPTUL,"49.77803,20.681465",2100,82,199
1715589548,2024-05-13T08:39:08Z,SPTUL,"49.776913,20.681095",2100,81,189
1715589551,2024-05-13T08:39:11Z,SPTUL,"49.775887,20.681021",2100,84,180
1715589554,2024-05-13T08:39:14Z,SPTUL,"49.774723,20.680872",2100,86,187
1715589557,2024-05-13T08:39:17Z,SPTUL,"49.77356,20.680462",2100,88,197
1715589560,2024-05-13T08:39:20Z,SPTUL,"49.772415,20.679594",2000,89,208
1715589563,2024-05-13T08:39:23Z,SPTUL,"49.771317,20.678366",2000,88,215
1715589566,2024-05-13T08:39:26Z,SPTUL,"49.770264,20.677353",2000,88,209
1715589569,2024-05-13T08:39:29Z,SPTUL,"49.769119,20.676847",2000,84,188
1715589572,2024-05-13T08:39:32Z,SPTUL,"49.768021,20.676992",2000,81,166
1715589576,2024-05-13T08:39:36Z,SPTUL,"49.766994,20.677902",2000,82,143
1715589578,2024-05-13T08:39:38Z,SPTUL,"49.766235,20.679161",2000,83,129
1715589582,2024-05-13T08:39:42Z,SPTUL,"49.76564,20.680534",2000,84,123
1715589584,2024-05-13T08:39:44Z,SPTUL,"49.765045,20.68198",2000,82,122
1715589587,2024-05-13T08:39:47Z,SPTUL,"49.764435,20.683544",2000,82,121
1715589591,2024-05-13T08:39:51Z,SPTUL,"49.763737,20.685251",2000,82,122
1715589594,2024-05-13T08:39:54Z,SPTUL,"49.76313,20.686663",2000,83,126
1715589596,2024-05-13T08:39:56Z,SPTUL,"49.76239,20.687906",2000,84,133
1715589600,2024-05-13T08:40:00Z,SPTUL,"49.761364,20.689186",2000,86,144
1715589603,2024-05-13T08:40:03Z,SPTUL,"49.760384,20.690002",2100,85,153
1715589606,2024-05-13T08:40:06Z,SPTUL,"49.75922,20.690744",2100,86,161
1715589609,2024-05-13T08:40:09Z,SPTUL,"49.758133,20.691303",2100,86,161
1715589612,2024-05-13T08:40:12Z,SPTUL,"49.756939,20.691858",2100,86,162
1715589615,2024-05-13T08:40:15Z,SPTUL,"49.755844,20.692604",2100,84,152
1715589618,2024-05-13T08:40:18Z,SPTUL,"49.754837,20.693689",2100,82,139
1715589624,2024-05-13T08:40:24Z,SPTUL,"49.753601,20.696579",2100,81,114
1715589627,2024-05-13T08:40:27Z,SPTUL,"49.753326,20.698025",2100,82,101
1715589630,2024-05-13T08:40:30Z,SPTUL,"49.753124,20.6998",2100,82,99
1715589633,2024-05-13T08:40:33Z,SPTUL,"49.752937,20.701582",2100,83,99
1715589636,2024-05-13T08:40:36Z,SPTUL,"49.75275,20.703289",2100,82,99
1715589639,2024-05-13T08:40:39Z,SPTUL,"49.752502,20.705109",2100,82,103
1715589642,2024-05-13T08:40:42Z,SPTUL,"49.752182,20.706842",2100,81,107
1715589645,2024-05-13T08:40:45Z,SPTUL,"49.751816,20.708506",2100,81,112
1715589648,2024-05-13T08:40:48Z,SPTUL,"49.751312,20.710096",2100,80,117
1715589654,2024-05-13T08:40:54Z,SPTUL,"49.749958,20.71294",2100,85,134
1715589657,2024-05-13T08:40:57Z,SPTUL,"49.749023,20.714144",2100,88,141
1715589660,2024-05-13T08:41:00Z,SPTUL,"49.748051,20.715315",2100,88,140
1715589663,2024-05-13T08:41:03Z,SPTUL,"49.747101,20.716455",2100,88,144
1715589666,2024-05-13T08:41:06Z,SPTUL,"49.745907,20.717394",2100,88,156
1715589669,2024-05-13T08:41:09Z,SPTUL,"49.744743,20.71784",2100,89,170
1715589672,2024-05-13T08:41:12Z,SPTUL,"49.743484,20.717901",2100,89,180
1715589675,2024-05-13T08:41:15Z,SPTUL,"49.742184,20.717691",2100,88,187
1715589678,2024-05-13T08:41:18Z,SPTUL,"49.741207,20.717394",2100,89,195
1715589681,2024-05-13T08:41:21Z,SPTUL,"49.739811,20.716578",2100,88,201
1715589684,2024-05-13T08:41:24Z,SPTUL,"49.738815,20.715805",2200,87,210
1715589687,2024-05-13T08:41:27Z,SPTUL,"49.737717,20.714577",2200,88,217
1715589690,2024-05-13T08:41:30Z,SPTUL,"49.736923,20.713608",2200,87,218
1715589693,2024-05-13T08:41:33Z,SPTUL,"49.735806,20.712347",2200,84,212
1715589696,2024-05-13T08:41:36Z,SPTUL,"49.734783,20.711603",2300,79,202
1715589699,2024-05-13T08:41:39Z,SPTUL,"49.733688,20.71118",2300,78,192
1715589702,2024-05-13T08:41:42Z,SPTUL,"49.732594,20.71101",2400,78,181
1715589705,2024-05-13T08:41:45Z,SPTUL,"49.731522,20.711233",2400,75,167
1715589708,2024-05-13T08:41:48Z,SPTUL,"49.730686,20.711678",2400,74,155
1715589711,2024-05-13T08:41:51Z,SPTUL,"49.729843,20.712553",2500,71,141
1715589715,2024-05-13T08:41:55Z,SPTUL,"49.729195,20.713905",2500,68,119
1715589717,2024-05-13T08:41:57Z,SPTUL,"49.728928,20.715082",2500,69,105
1715589720,2024-05-13T08:42:00Z,SPTUL,"49.728973,20.716673",2500,72,78
1715589723,2024-05-13T08:42:03Z,SPTUL,"49.729385,20.718119",2500,75,59
1715589726,2024-05-13T08:42:06Z,SPTUL,"49.730171,20.719398",2600,77,40
1715589729,2024-05-13T08:42:09Z,SPTUL,"49.731079,20.720142",2600,79,25
1715589733,2024-05-13T08:42:13Z,SPTUL,"49.732315,20.72072",2600,79,12
1715589736,2024-05-13T08:42:16Z,SPTUL,"49.733383,20.720957",2700,76,8
1715589738,2024-05-13T08:42:18Z,SPTUL,"49.734364,20.72118",2700,74,5
1715589742,2024-05-13T08:42:22Z,SPTUL,"49.735428,20.721228",2700,74,1
1715589745,2024-05-13T08:42:25Z,SPTUL,"49.736362,20.721106",2800,77,356
1715589748,2024-05-13T08:42:28Z,SPTUL,"49.737434,20.721031",2800,77,354
1715589750,2024-05-13T08:42:30Z,SPTUL,"49.738552,20.720882",2800,77,353
1715589754,2024-05-13T08:42:34Z,SPTUL,"49.739594,20.720648",2900,75,351
1715589757,2024-05-13T08:42:37Z,SPTUL,"49.740646,20.72036",2900,77,351
1715589760,2024-05-13T08:42:40Z,SPTUL,"49.741905,20.720066",3000,77,351
1715589763,2024-05-13T08:42:43Z,SPTUL,"49.742973,20.719769",3000,78,350
1715589766,2024-05-13T08:42:46Z,SPTUL,"49.744045,20.719473",3000,76,348
1715589769,2024-05-13T08:42:49Z,SPTUL,"49.74493,20.71925",3100,77,348
1715589772,2024-05-13T08:42:52Z,SPTUL,"49.74614,20.718805",3100,80,348
1715589775,2024-05-13T08:42:55Z,SPTUL,"49.74733,20.718481",3100,82,348
1715589778,2024-05-13T08:42:58Z,SPTUL,"49.748291,20.718191",3100,83,348
1715589781,2024-05-13T08:43:01Z,SPTUL,"49.749573,20.717686",3100,81,345
1715589784,2024-05-13T08:43:04Z,SPTUL,"49.75061,20.717245",3200,79,342
1715589787,2024-05-13T08:43:07Z,SPTUL,"49.751541,20.716726",3200,77,342
1715589790,2024-05-13T08:43:10Z,SPTUL,"49.752659,20.716206",3200,76,340
1715589793,2024-05-13T08:43:13Z,SPTUL,"49.753601,20.715662",3300,76,337
1715589796,2024-05-13T08:43:16Z,SPTUL,"49.754566,20.714945",3300,76,334
1715589799,2024-05-13T08:43:19Z,SPTUL,"49.755615,20.714071",3300,76,332
1715589802,2024-05-13T08:43:22Z,SPTUL,"49.756474,20.713385",3400,77,329
1715589805,2024-05-13T08:43:25Z,SPTUL,"49.757404,20.712494",3400,77,328
1715589808,2024-05-13T08:43:28Z,SPTUL,"49.758385,20.711529",3400,78,327
1715589811,2024-05-13T08:43:31Z,SPTUL,"49.759315,20.710638",3500,76,327
1715589814,2024-05-13T08:43:34Z,SPTUL,"49.760239,20.709734",3500,76,327
1715589817,2024-05-13T08:43:37Z,SPTUL,"49.761131,20.708857",3500,77,326
1715589820,2024-05-13T08:43:40Z,SPTUL,"49.761978,20.707928",3500,77,327
1715589823,2024-05-13T08:43:43Z,SPTUL,"49.762802,20.707205",3600,79,328
1715589829,2024-05-13T08:43:49Z,SPTUL,"49.764999,20.705469",3600,84,337
1715589832,2024-05-13T08:43:52Z,SPTUL,"49.766098,20.704748",3600,78,337
1715589836,2024-05-13T08:43:56Z,SPTUL,"49.767136,20.704107",3700,76,336
1715589839,2024-05-13T08:43:59Z,SPTUL,"49.768112,20.703445",3700,76,336
1715589841,2024-05-13T08:44:01Z,SPTUL,"49.768982,20.702795",3700,76,334
1715589845,2024-05-13T08:44:05Z,SPTUL,"49.769928,20.702028",3700,77,334
1715589847,2024-05-13T08:44:07Z,SPTUL,"49.770905,20.701361",3800,76,334
1715589856,2024-05-13T08:44:16Z,SPTUL,"49.773884,20.699133",3800,87,337
1715589862,2024-05-13T08:44:22Z,SPTUL,"49.776398,20.697945",3800,92,346
1715589866,2024-05-13T08:44:26Z,SPTUL,"49.777702,20.697649",3800,91,353
1715589869,2024-05-13T08:44:29Z,SPTUL,"49.779007,20.697519",3800,91,357
1715589872,2024-05-13T08:44:32Z,SPTUL,"49.78017,20.6975",3800,89,1
1715589874,2024-05-13T08:44:34Z,SPTUL,"49.781425,20.697649",3800,87,4
1715589878,2024-05-13T08:44:38Z,SPTUL,"49.782578,20.697809",3800,87,5
1715589880,2024-05-13T08:44:40Z,SPTUL,"49.783813,20.698025",3800,87,5
1715589883,2024-05-13T08:44:43Z,SPTUL,"49.785057,20.698242",3800,88,6
1715589886,2024-05-13T08:44:46Z,SPTUL,"49.786175,20.698391",3900,85,5
1715589890,2024-05-13T08:44:50Z,SPTUL,"49.787479,20.698614",3900,86,6
1715589893,2024-05-13T08:44:53Z,SPTUL,"49.788757,20.698893",3900,87,7
1715589896,2024-05-13T08:44:56Z,SPTUL,"49.789948,20.699183",3900,88,8
1715589899,2024-05-13T08:44:59Z,SPTUL,"49.791046,20.699471",3900,90,9
1715589902,2024-05-13T08:45:02Z,SPTUL,"49.792374,20.699833",3900,90,11
1715589905,2024-05-13T08:45:05Z,SPTUL,"49.793716,20.700247",3900,91,12
1715589908,2024-05-13T08:45:08Z,SPTUL,"49.794834,20.700617",3900,89,11
1715589911,2024-05-13T08:45:11Z,SPTUL,"49.796127,20.701061",3900,88,11
1715589914,2024-05-13T08:45:14Z,SPTUL,"49.797348,20.701435",3900,88,11
1715589923,2024-05-13T08:45:23Z,SPTUL,"49.800568,20.70229",3900,86,10
1715589932,2024-05-13T08:45:32Z,SPTUL,"49.804379,20.703289",3900,85,6
1715589941,2024-05-13T08:45:41Z,SPTUL,"49.807915,20.704107",3900,89,9
1715589950,2024-05-13T08:45:50Z,SPTUL,"49.811638,20.704998",4000,88,9
1715589959,2024-05-13T08:45:59Z,SPTUL,"49.81517,20.706337",4000,85,16
1715589962,2024-05-13T08:46:02Z,SPTUL,"49.816315,20.706915",4000,86,17
1715589965,2024-05-13T08:46:05Z,SPTUL,"49.817459,20.707495",4000,88,18
1715589968,2024-05-13T08:46:08Z,SPTUL,"49.818695,20.708073",4000,88,17
1715589971,2024-05-13T08:46:11Z,SPTUL,"49.819878,20.708635",4000,86,16
1715589974,2024-05-13T08:46:14Z,SPTUL,"49.821041,20.709154",4000,86,16
1715589977,2024-05-13T08:46:17Z,SPTUL,"49.822128,20.709661",4000,86,16
1715589980,2024-05-13T08:46:20Z,SPTUL,"49.823322,20.710268",4000,87,18
1715589983,2024-05-13T08:46:23Z,SPTUL,"49.824509,20.711035",4000,90,22
1715589986,2024-05-13T08:46:26Z,SPTUL,"49.825512,20.711678",4000,89,24
1715589989,2024-05-13T08:46:29Z,SPTUL,"49.82663,20.712421",4000,89,24
1715589992,2024-05-13T08:46:32Z,SPTUL,"49.827805,20.713421",4000,88,27
1715589995,2024-05-13T08:46:35Z,SPTUL,"49.828674,20.714071",4000,87,25
1715590002,2024-05-13T08:46:42Z,SPTUL,"49.831329,20.715372",4000,85,12
1715590011,2024-05-13T08:46:51Z,SPTUL,"49.834717,20.716745",4100,82,15
1715590013,2024-05-13T08:46:53Z,SPTUL,"49.835678,20.717178",4100,83,14
1715590016,2024-05-13T08:46:56Z,SPTUL,"49.836868,20.717613",4100,84,13
1715590020,2024-05-13T08:47:00Z,SPTUL,"49.837986,20.718061",4100,86,14
1715590022,2024-05-13T08:47:02Z,SPTUL,"49.839245,20.718582",4100,87,15
1715590032,2024-05-13T08:47:12Z,SPTUL,"49.842876,20.720289",4000,94,15
1715590040,2024-05-13T08:47:20Z,SPTUL,"49.846554,20.721996",4000,92,15
1715590046,2024-05-13T08:47:26Z,SPTUL,"49.848835,20.722813",4100,90,8
1715590049,2024-05-13T08:47:29Z,SPTUL,"49.850323,20.723036",4000,91,3
1715590053,2024-05-13T08:47:33Z,SPTUL,"49.851654,20.722961",4000,90,8
1715590055,2024-05-13T08:47:35Z,SPTUL,"49.852753,20.722672",4000,96,350
1715590058,2024-05-13T08:47:38Z,SPTUL,"49.854141,20.722515",4000,95,355
1715590062,2024-05-13T08:47:42Z,SPTUL,"49.855362,20.722672",4000,94,7
1715590071,2024-05-13T08:47:51Z,SPTUL,"49.859356,20.724371",4000,94,17
1715590074,2024-05-13T08:47:54Z,SPTUL,"49.860809,20.725058",4000,94,16
1715590078,2024-05-13T08:47:58Z,SPTUL,"49.862103,20.725634",4000,97,16
1715590081,2024-05-13T08:48:01Z,SPTUL,"49.863499,20.726227",3900,96,16
1715590084,2024-05-13T08:48:04Z,SPTUL,"49.865112,20.727009",3900,96,16
1715590087,2024-05-13T08:48:07Z,SPTUL,"49.866432,20.727564",3900,95,16
1715590090,2024-05-13T08:48:10Z,SPTUL,"49.867676,20.728094",3900,95,16
1715590099,2024-05-13T08:48:19Z,SPTUL,"49.871384,20.729828",3900,94,16
1715590109,2024-05-13T08:48:29Z,SPTUL,"49.875458,20.731707",3900,96,16
1715590116,2024-05-13T08:48:36Z,SPTUL,"49.878525,20.733152",3900,98,17
1715590125,2024-05-13T08:48:45Z,SPTUL,"49.882462,20.735031",3900,94,15
1715590134,2024-05-13T08:48:54Z,SPTUL,"49.886169,20.736477",3900,90,13
1715590143,2024-05-13T08:49:03Z,SPTUL,"49.889832,20.73814",3900,92,18
1715590152,2024-05-13T08:49:12Z,SPTUL,"49.893539,20.740091",3800,93,19
1715590155,2024-05-13T08:49:15Z,SPTUL,"49.894775,20.740814",3800,95,20
1715590158,2024-05-13T08:49:18Z,SPTUL,"49.895992,20.74152",3800,95,20
1715590161,2024-05-13T08:49:21Z,SPTUL,"49.897156,20.742262",3800,96,21
1715590164,2024-05-13T08:49:24Z,SPTUL,"49.898228,20.742929",3800,94,21
1715590167,2024-05-13T08:49:27Z,SPTUL,"49.899715,20.74382",3800,96,22
1715590176,2024-05-13T08:49:36Z,SPTUL,"49.903381,20.74609",3800,94,21
1715590185,2024-05-13T08:49:45Z,SPTUL,"49.907089,20.748331",3800,94,19
1715590191,2024-05-13T08:49:51Z,SPTUL,"49.909561,20.749559",3700,96,18
1715590201,2024-05-13T08:50:01Z,SPTUL,"49.913315,20.751583",3700,93,19
1715590209,2024-05-13T08:50:09Z,SPTUL,"49.916931,20.753607",3700,93,20
1715590218,2024-05-13T08:50:18Z,SPTUL,"49.920666,20.755772",3700,93,21
1715590227,2024-05-13T08:50:27Z,SPTUL,"49.924301,20.757872",3700,93,21
1715590237,2024-05-13T08:50:37Z,SPTUL,"49.927879,20.759855",3700,86,18
1715590246,2024-05-13T08:50:46Z,SPTUL,"49.931305,20.761559",3700,87,16
1715590255,2024-05-13T08:50:55Z,SPTUL,"49.934818,20.763269",3700,87,17
1715590264,2024-05-13T08:51:04Z,SPTUL,"49.938309,20.764828",3700,83,16
1715590270,2024-05-13T08:51:10Z,SPTUL,"49.940414,20.765751",3700,82,12
1715590273,2024-05-13T08:51:13Z,SPTUL,"49.941696,20.766111",3700,84,10
1715590276,2024-05-13T08:51:16Z,SPTUL,"49.942886,20.766401",3700,86,10
1715590279,2024-05-13T08:51:19Z,SPTUL,"49.943989,20.766684",3700,88,9
1715590282,2024-05-13T08:51:22Z,SPTUL,"49.945339,20.767056",3700,88,9
1715590285,2024-05-13T08:51:25Z,SPTUL,"49.946503,20.767353",3700,87,9
1715590288,2024-05-13T08:51:28Z,SPTUL,"49.947338,20.767574",3700,84,8
1715590291,2024-05-13T08:51:31Z,SPTUL,"49.948654,20.767847",3700,84,8
1715590294,2024-05-13T08:51:34Z,SPTUL,"49.950039,20.768169",3700,85,8
1715590297,2024-05-13T08:51:37Z,SPTUL,"49.951172,20.768497",3700,86,10
1715590303,2024-05-13T08:51:43Z,SPTUL,"49.953461,20.769508",3700,85,18
1715590306,2024-05-13T08:51:46Z,SPTUL,"49.954556,20.7701",3700,86,19
1715590309,2024-05-13T08:51:49Z,SPTUL,"49.955704,20.770737",3700,86,19
1715590312,2024-05-13T08:51:52Z,SPTUL,"49.956837,20.77136",3700,86,19
1715590315,2024-05-13T08:51:55Z,SPTUL,"49.957993,20.771967",3700,88,19
1715590318,2024-05-13T08:51:58Z,SPTUL,"49.959137,20.772617",3800,88,19
1715590321,2024-05-13T08:52:01Z,SPTUL,"49.960281,20.773216",3800,87,20
1715590324,2024-05-13T08:52:04Z,SPTUL,"49.961445,20.773884",3700,88,19
1715590327,2024-05-13T08:52:07Z,SPTUL,"49.9627,20.774553",3700,89,19
1715590336,2024-05-13T08:52:16Z,SPTUL,"49.96624,20.776409",3700,89,18
1715590345,2024-05-13T08:52:25Z,SPTUL,"49.969574,20.778183",3700,92,19
1715590354,2024-05-13T08:52:34Z,SPTUL,"49.973419,20.780207",3700,88,17
1715590363,2024-05-13T08:52:43Z,SPTUL,"49.976807,20.78194",3700,84,18
1715590369,2024-05-13T08:52:49Z,SPTUL,"49.978947,20.783163",3700,82,19
1715590378,2024-05-13T08:52:58Z,SPTUL,"49.982346,20.785049",3700,85,19
1715590387,2024-05-13T08:53:07Z,SPTUL,"49.98555,20.786711",3700,85,19
1715590396,2024-05-13T08:53:16Z,SPTUL,"49.989002,20.788805",3700,87,21
1715590405,2024-05-13T08:53:25Z,SPTUL,"49.992355,20.790884",3700,88,21
1715590415,2024-05-13T08:53:35Z,SPTUL,"49.995804,20.793072",3700,86,19
1715590424,2024-05-13T08:53:44Z,SPTUL,"49.99942,20.794733",3700,92,17
1715590433,2024-05-13T08:53:53Z,SPTUL,"50.002945,20.796759",3700,91,21
1715590442,2024-05-13T08:54:02Z,SPTUL,"50.006554,20.798975",3700,91,20
1715590451,2024-05-13T08:54:11Z,SPTUL,"50.010277,20.801054",3700,92,20
1715590460,2024-05-13T08:54:20Z,SPTUL,"50.013657,20.803045",3700,90,21
1715590469,2024-05-13T08:54:29Z,SPTUL,"50.017353,20.805061",3700,89,16
1715590472,2024-05-13T08:54:32Z,SPTUL,"50.018471,20.805508",3700,89,14
1715590475,2024-05-13T08:54:35Z,SPTUL,"50.019745,20.806009",3600,90,14
1715590478,2024-05-13T08:54:38Z,SPTUL,"50.020939,20.806473",3600,90,14
1715590487,2024-05-13T08:54:47Z,SPTUL,"50.024616,20.80818",3600,89,16
1715590496,2024-05-13T08:54:56Z,SPTUL,"50.028248,20.809813",3600,89,15
1715590502,2024-05-13T08:55:02Z,SPTUL,"50.030621,20.810926",3600,87,17
1715590511,2024-05-13T08:55:11Z,SPTUL,"50.03389,20.812515",3600,86,19
1715590520,2024-05-13T08:55:20Z,SPTUL,"50.037323,20.814322",3600,86,18
1715590529,2024-05-13T08:55:29Z,SPTUL,"50.040848,20.816128",3600,86,17
1715590535,2024-05-13T08:55:35Z,SPTUL,"50.042957,20.817162",3600,86,17
1715590544,2024-05-13T08:55:44Z,SPTUL,"50.04657,20.818802",3600,86,16
1715590550,2024-05-13T08:55:50Z,SPTUL,"50.049057,20.819759",3600,87,12
1715590553,2024-05-13T08:55:53Z,SPTUL,"50.050095,20.820175",3600,87,11
1715590556,2024-05-13T08:55:56Z,SPTUL,"50.051197,20.820501",3600,86,11
1715590560,2024-05-13T08:56:00Z,SPTUL,"50.052567,20.820898",3600,86,10
1715590562,2024-05-13T08:56:02Z,SPTUL,"50.053757,20.821188",3600,87,8
1715590565,2024-05-13T08:56:05Z,SPTUL,"50.054947,20.821478",3600,89,9
1715590568,2024-05-13T08:56:08Z,SPTUL,"50.056274,20.821766",3500,88,8
1715590571,2024-05-13T08:56:11Z,SPTUL,"50.05748,20.821987",3600,88,6
1715590575,2024-05-13T08:56:15Z,SPTUL,"50.058693,20.822136",3500,88,5
1715590578,2024-05-13T08:56:18Z,SPTUL,"50.060028,20.822344",3600,87,6
1715590581,2024-05-13T08:56:21Z,SPTUL,"50.061172,20.822634",3600,86,7
1715590584,2024-05-13T08:56:24Z,SPTUL,"50.062363,20.822851",3600,84,6
1715590592,2024-05-13T08:56:32Z,SPTUL,"50.06572,20.82362",3600,83,9
1715590601,2024-05-13T08:56:41Z,SPTUL,"50.069183,20.824368",3500,86,6
1715590611,2024-05-13T08:56:51Z,SPTUL,"50.072983,20.825104",3600,88,9
1715590614,2024-05-13T08:56:54Z,SPTUL,"50.074081,20.825453",3600,86,11
1715590622,2024-05-13T08:57:02Z,SPTUL,"50.077034,20.826366",3600,85,14
1715590626,2024-05-13T08:57:06Z,SPTUL,"50.078663,20.827108",3600,89,18
1715590629,2024-05-13T08:57:09Z,SPTUL,"50.080105,20.827999",3600,90,20
1715590632,2024-05-13T08:57:12Z,SPTUL,"50.081318,20.828594",3600,92,19
1715590635,2024-05-13T08:57:15Z,SPTUL,"50.082413,20.829138",3600,92,18
1715590637,2024-05-13T08:57:17Z,SPTUL,"50.083412,20.829632",3600,91,17
1715590641,2024-05-13T08:57:21Z,SPTUL,"50.08493,20.830368",3600,92,16
1715590644,2024-05-13T08:57:24Z,SPTUL,"50.085983,20.830873",3600,92,17
1715590647,2024-05-13T08:57:27Z,SPTUL,"50.087135,20.831488",3600,92,18
1715590650,2024-05-13T08:57:30Z,SPTUL,"50.088547,20.832247",3600,91,20
1715590659,2024-05-13T08:57:39Z,SPTUL,"50.092026,20.834198",3600,92,19
1715590668,2024-05-13T08:57:48Z,SPTUL,"50.095871,20.836294",3600,94,19
1715590677,2024-05-13T08:57:57Z,SPTUL,"50.099426,20.838243",3500,92,18
1715590680,2024-05-13T08:58:00Z,SPTUL,"50.100815,20.838823",3600,90,13
1715590683,2024-05-13T08:58:03Z,SPTUL,"50.102127,20.839283",3600,90,10
1715590686,2024-05-13T08:58:06Z,SPTUL,"50.103287,20.839546",3600,89,9
1715590689,2024-05-13T08:58:09Z,SPTUL,"50.104431,20.839836",3600,88,8
1715590692,2024-05-13T08:58:12Z,SPTUL,"50.10585,20.840174",3600,88,7
1715590695,2024-05-13T08:58:15Z,SPTUL,"50.107014,20.840397",3600,89,7
1715590698,2024-05-13T08:58:18Z,SPTUL,"50.108139,20.840631",3600,90,6
1715590701,2024-05-13T08:58:21Z,SPTUL,"50.109375,20.840847",3600,89,6
1715590704,2024-05-13T08:58:24Z,SPTUL,"50.110645,20.841064",3600,88,4
1715590707,2024-05-13T08:58:27Z,SPTUL,"50.111984,20.841209",3600,88,3
1715590710,2024-05-13T08:58:30Z,SPTUL,"50.113205,20.841288",3600,88,2
1715590713,2024-05-13T08:58:33Z,SPTUL,"50.113995,20.841362",3500,88,5
1715590719,2024-05-13T08:58:39Z,SPTUL,"50.116791,20.84203",3500,88,9
1715590728,2024-05-13T08:58:48Z,SPTUL,"50.120499,20.843016",3500,94,9
1715590731,2024-05-13T08:58:51Z,SPTUL,"50.121864,20.843439",3500,94,11
1715590734,2024-05-13T08:58:54Z,SPTUL,"50.122925,20.843811",3600,92,11
1715590737,2024-05-13T08:58:57Z,SPTUL,"50.124424,20.844257",3500,92,12
1715590740,2024-05-13T08:59:00Z,SPTUL,"50.125671,20.844751",3500,93,14
1715590743,2024-05-13T08:59:03Z,SPTUL,"50.126705,20.845295",3500,93,16
1715590746,2024-05-13T08:59:06Z,SPTUL,"50.12801,20.846039",3500,89,18
1715590755,2024-05-13T08:59:15Z,SPTUL,"50.131126,20.847076",3500,88,9
1715590764,2024-05-13T08:59:24Z,SPTUL,"50.13541,20.847967",3500,89,7
1715590770,2024-05-13T08:59:30Z,SPTUL,"50.137939,20.848581",3500,92,9
1715590774,2024-05-13T08:59:34Z,SPTUL,"50.139179,20.848932",3500,92,10
1715590777,2024-05-13T08:59:37Z,SPTUL,"50.140366,20.849232",3500,90,9
1715590785,2024-05-13T08:59:45Z,SPTUL,"50.14389,20.8501",3500,87,8
1715590794,2024-05-13T08:59:54Z,SPTUL,"50.147514,20.851011",3500,86,9
1715590804,2024-05-13T09:00:04Z,SPTUL,"50.151096,20.851902",3500,85,10
1715590813,2024-05-13T09:00:13Z,SPTUL,"50.154556,20.853134",3500,89,10
1715590816,2024-05-13T09:00:16Z,SPTUL,"50.155792,20.853497",3500,90,12
1715590824,2024-05-13T09:00:24Z,SPTUL,"50.159103,20.8545",3500,92,10
1715590831,2024-05-13T09:00:31Z,SPTUL,"50.162224,20.855688",3500,89,14
1715590840,2024-05-13T09:00:40Z,SPTUL,"50.165817,20.857183",3500,91,13
1715590849,2024-05-13T09:00:49Z,SPTUL,"50.169392,20.858658",3500,87,13
1715590852,2024-05-13T09:00:52Z,SPTUL,"50.170624,20.859207",3500,89,14
1715590861,2024-05-13T09:01:01Z,SPTUL,"50.174419,20.860809",3500,90,15
1715590870,2024-05-13T09:01:10Z,SPTUL,"50.177914,20.862221",3400,89,13
1715590879,2024-05-13T09:01:19Z,SPTUL,"50.18066,20.863186",3400,91,11
1715590888,2024-05-13T09:01:28Z,SPTUL,"50.18541,20.864988",3300,92,14
1715590897,2024-05-13T09:01:37Z,SPTUL,"50.189224,20.8666",3300,90,17
1715590900,2024-05-13T09:01:40Z,SPTUL,"50.190399,20.867229",3300,91,17
1715590909,2024-05-13T09:01:49Z,SPTUL,"50.193695,20.868753",3300,87,16
1715590918,2024-05-13T09:01:58Z,SPTUL,"50.197044,20.870089",3300,88,13
1715590925,2024-05-13T09:02:05Z,SPTUL,"50.200012,20.871132",3300,90,12
1715590933,2024-05-13T09:02:13Z,SPTUL,"50.20319,20.872391",3300,89,14
1715590943,2024-05-13T09:02:23Z,SPTUL,"50.207008,20.873726",3200,89,10
1715590951,2024-05-13T09:02:31Z,SPTUL,"50.210686,20.874765",3200,88,10
1715590960,2024-05-13T09:02:40Z,SPTUL,"50.213989,20.875805",3100,88,12
1715590969,2024-05-13T09:02:49Z,SPTUL,"50.217808,20.877142",3100,87,11
1715590978,2024-05-13T09:02:58Z,SPTUL,"50.221577,20.878254",3100,88,10
1715590988,2024-05-13T09:03:08Z,SPTUL,"50.225304,20.879293",3100,88,9
1715590997,2024-05-13T09:03:17Z,SPTUL,"50.22884,20.880259",3100,89,9
1715591005,2024-05-13T09:03:25Z,SPTUL,"50.23233,20.881149",3100,90,8
1715591014,2024-05-13T09:03:34Z,SPTUL,"50.236195,20.882114",3100,90,9
1715591020,2024-05-13T09:03:40Z,SPTUL,"50.238235,20.882914",3100,90,16
1715591023,2024-05-13T09:03:43Z,SPTUL,"50.239426,20.883492",3100,89,18
1715591026,2024-05-13T09:03:46Z,SPTUL,"50.240616,20.884214",3100,90,20
1715591029,2024-05-13T09:03:49Z,SPTUL,"50.241898,20.884865",3100,90,20
1715591032,2024-05-13T09:03:52Z,SPTUL,"50.242996,20.885515",3100,90,18
1715591035,2024-05-13T09:03:55Z,SPTUL,"50.244278,20.886166",3100,89,18
1715591037,2024-05-13T09:03:57Z,SPTUL,"50.245228,20.886717",3100,90,19
1715591041,2024-05-13T09:04:01Z,SPTUL,"50.246578,20.887459",3100,91,19
1715591044,2024-05-13T09:04:04Z,SPTUL,"50.247742,20.888054",3100,90,18
1715591047,2024-05-13T09:04:07Z,SPTUL,"50.248951,20.888647",3100,89,16
1715591056,2024-05-13T09:04:16Z,SPTUL,"50.252609,20.89043",3000,91,16
1715591065,2024-05-13T09:04:25Z,SPTUL,"50.25626,20.892061",3100,92,17
1715591074,2024-05-13T09:04:34Z,SPTUL,"50.259933,20.893972",3100,92,17
1715591083,2024-05-13T09:04:43Z,SPTUL,"50.263733,20.895779",3000,91,17
1715591092,2024-05-13T09:04:52Z,SPTUL,"50.267395,20.897587",3000,92,17
1715591101,2024-05-13T09:05:01Z,SPTUL,"50.271103,20.899321",3000,92,17
1715591110,2024-05-13T09:05:10Z,SPTUL,"50.274445,20.900694",3000,92,13
1715591119,2024-05-13T09:05:19Z,SPTUL,"50.278427,20.902357",3000,91,13
1715591128,2024-05-13T09:05:28Z,SPTUL,"50.281952,20.903658",3100,85,12
1715591137,2024-05-13T09:05:37Z,SPTUL,"50.285568,20.904886",3100,90,11
1715591168,2024-05-13T09:06:08Z,SPTUL,"50.298481,20.908838",3100,89,9
1715591170,2024-05-13T09:06:10Z,SPTUL,"50.299042,20.908987",3100,89,9
1715591178,2024-05-13T09:06:18Z,SPTUL,"50.302139,20.910089",3100,90,15
1715591183,2024-05-13T09:06:23Z,SPTUL,"50.304153,20.911102",3100,89,17
1715591186,2024-05-13T09:06:26Z,SPTUL,"50.305298,20.91168",3100,90,17
1715591188,2024-05-13T09:06:28Z,SPTUL,"50.306488,20.912258",3100,90,18
1715591191,2024-05-13T09:06:31Z,SPTUL,"50.307587,20.912836",3100,90,16
1715591203,2024-05-13T09:06:43Z,SPTUL,"50.312485,20.914862",3100,93,14
1715591206,2024-05-13T09:06:46Z,SPTUL,"50.313812,20.91544",3100,90,16
1715591209,2024-05-13T09:06:49Z,SPTUL,"50.31496,20.91589",3100,88,15
1715591216,2024-05-13T09:06:56Z,SPTUL,"50.317474,20.91678",3100,90,12
1715591218,2024-05-13T09:06:58Z,SPTUL,"50.318665,20.917101",3100,89,10
1715591222,2024-05-13T09:07:02Z,SPTUL,"50.319443,20.917391",3100,90,12
1715591230,2024-05-13T09:07:10Z,SPTUL,"50.323654,20.918837",3000,94,12
1715591239,2024-05-13T09:07:19Z,SPTUL,"50.327087,20.920282",3000,92,15
1715591249,2024-05-13T09:07:29Z,SPTUL,"50.331161,20.921904",3000,95,12
1715591256,2024-05-13T09:07:36Z,SPTUL,"50.333908,20.922884",3000,92,13
1715591262,2024-05-13T09:07:42Z,SPTUL,"50.3367,20.924576",3000,91,26
1715591265,2024-05-13T09:07:45Z,SPTUL,"50.337681,20.925392",3000,92,26
1715591268,2024-05-13T09:07:48Z,SPTUL,"50.338989,20.926353",3000,93,25
1715591271,2024-05-13T09:07:51Z,SPTUL,"50.340099,20.927174",3000,93,24
1715591274,2024-05-13T09:07:54Z,SPTUL,"50.341404,20.928064",3000,92,24
1715591277,2024-05-13T09:07:57Z,SPTUL,"50.342567,20.928881",3000,91,24
1715591280,2024-05-13T09:08:00Z,SPTUL,"50.343567,20.929605",2900,93,24
1715591283,2024-05-13T09:08:03Z,SPTUL,"50.344849,20.930473",2900,96,23
1715591292,2024-05-13T09:08:12Z,SPTUL,"50.348557,20.933002",2800,98,23
1715591301,2024-05-13T09:08:21Z,SPTUL,"50.35231,20.935677",2700,99,22
1715591310,2024-05-13T09:08:30Z,SPTUL,"50.356201,20.938135",2700,100,22
1715591319,2024-05-13T09:08:39Z,SPTUL,"50.360275,20.940882",2600,104,23
1715591328,2024-05-13T09:08:48Z,SPTUL,"50.364212,20.943411",2500,101,22
1715591337,2024-05-13T09:08:57Z,SPTUL,"50.368057,20.94623",2400,101,26
1715591341,2024-05-13T09:09:01Z,SPTUL,"50.369385,20.947241",2400,100,27
1715591343,2024-05-13T09:09:03Z,SPTUL,"50.370392,20.948109",2400,100,27
1715591350,2024-05-13T09:09:10Z,SPTUL,"50.373047,20.950277",2300,99,28
1715591352,2024-05-13T09:09:12Z,SPTUL,"50.373852,20.950928",2300,100,28
1715591356,2024-05-13T09:09:16Z,SPTUL,"50.375572,20.952486",2300,102,31
1715591358,2024-05-13T09:09:18Z,SPTUL,"50.376389,20.953314",2300,101,31
1715591361,2024-05-13T09:09:21Z,SPTUL,"50.377853,20.954639",2200,100,31
1715591364,2024-05-13T09:09:24Z,SPTUL,"50.378738,20.95553",2200,100,32
1715591368,2024-05-13T09:09:28Z,SPTUL,"50.38028,20.957144",2100,100,33
1715591371,2024-05-13T09:09:31Z,SPTUL,"50.381424,20.9583",2100,101,34
1715591374,2024-05-13T09:09:34Z,SPTUL,"50.382648,20.959614",2100,102,33
1715591380,2024-05-13T09:09:40Z,SPTUL,"50.384811,20.961842",2000,100,33
1715591383,2024-05-13T09:09:43Z,SPTUL,"50.386185,20.963287",2000,100,34
1715591392,2024-05-13T09:09:52Z,SPTUL,"50.389526,20.966684",1900,102,33
1715591400,2024-05-13T09:10:00Z,SPTUL,"50.392776,20.970081",1900,96,34
1715591410,2024-05-13T09:10:10Z,SPTUL,"50.396477,20.973866",1900,94,32
1715591419,2024-05-13T09:10:19Z,SPTUL,"50.399734,20.977093",1900,91,32
1715591428,2024-05-13T09:10:28Z,SPTUL,"50.402344,20.979984",1900,87,37
1715591437,2024-05-13T09:10:37Z,SPTUL,"50.405598,20.983738",1800,86,36
1715591443,2024-05-13T09:10:43Z,SPTUL,"50.407471,20.986055",1800,85,38
1715591446,2024-05-13T09:10:46Z,SPTUL,"50.408207,20.987005",1800,83,40
1715591449,2024-05-13T09:10:49Z,SPTUL,"50.409229,20.988415",1800,82,41
1715591452,2024-05-13T09:10:52Z,SPTUL,"50.410034,20.989452",1800,81,38
1715591458,2024-05-13T09:10:58Z,SPTUL,"50.411911,20.991766",1800,82,37
1715591467,2024-05-13T09:11:07Z,SPTUL,"50.414749,20.995163",1700,88,39
1715591476,2024-05-13T09:11:16Z,SPTUL,"50.417038,20.998343",1800,86,44
1715591482,2024-05-13T09:11:22Z,SPTUL,"50.419239,21.001703",1800,92,43
1715591485,2024-05-13T09:11:25Z,SPTUL,"50.420124,21.003038",1800,92,42
1715591494,2024-05-13T09:11:34Z,SPTUL,"50.422871,21.006527",1900,86,38
1715591504,2024-05-13T09:11:44Z,SPTUL,"50.425663,21.00972",1800,86,37
1715591506,2024-05-13T09:11:46Z,SPTUL,"50.426872,21.011204",1800,85,39
1715591512,2024-05-13T09:11:52Z,SPTUL,"50.428574,21.013809",1800,82,48
1715591516,2024-05-13T09:11:56Z,SPTUL,"50.429443,21.01569",1800,82,55
1715591519,2024-05-13T09:11:59Z,SPTUL,"50.430038,21.017279",1800,81,59
1715591522,2024-05-13T09:12:02Z,SPTUL,"50.430504,21.018553",1800,81,59
1715591526,2024-05-13T09:12:06Z,SPTUL,"50.431202,21.020409",1800,82,59
1715591529,2024-05-13T09:12:09Z,SPTUL,"50.431854,21.022041",1800,82,59
1715591532,2024-05-13T09:12:12Z,SPTUL,"50.432373,21.023567",1800,81,59
1715591535,2024-05-13T09:12:15Z,SPTUL,"50.432968,21.025013",1800,80,58
1715591537,2024-05-13T09:12:17Z,SPTUL,"50.433517,21.026459",1700,81,59
1715591541,2024-05-13T09:12:21Z,SPTUL,"50.434158,21.028122",1700,83,58
1715591550,2024-05-13T09:12:30Z,SPTUL,"50.436127,21.03282",1700,86,53
1715591553,2024-05-13T09:12:33Z,SPTUL,"50.436768,21.034266",1700,86,53
1715591556,2024-05-13T09:12:36Z,SPTUL,"50.43758,21.035923",1700,87,54
1715591559,2024-05-13T09:12:39Z,SPTUL,"50.438232,21.037334",1800,85,52
1715591562,2024-05-13T09:12:42Z,SPTUL,"50.438931,21.038818",1800,86,55
1715591568,2024-05-13T09:12:48Z,SPTUL,"50.439957,21.042084",1900,85,69
1715591571,2024-05-13T09:12:51Z,SPTUL,"50.440281,21.044014",1900,84,76
1715591574,2024-05-13T09:12:54Z,SPTUL,"50.440468,21.045721",1900,84,82
1715591577,2024-05-13T09:12:57Z,SPTUL,"50.440655,21.047726",1900,83,82
1715591580,2024-05-13T09:13:00Z,SPTUL,"50.440701,21.049507",2000,84,87
1715591583,2024-05-13T09:13:03Z,SPTUL,"50.44075,21.05125",2000,82,88
1715591586,2024-05-13T09:13:06Z,SPTUL,"50.440796,21.052984",2000,81,89
1715591589,2024-05-13T09:13:09Z,SPTUL,"50.440792,21.054926",2100,79,87
1715591592,2024-05-13T09:13:12Z,SPTUL,"50.440838,21.056561",2100,79,87
1715591595,2024-05-13T09:13:15Z,SPTUL,"50.440933,21.058405",2000,79,87
1715591598,2024-05-13T09:13:18Z,SPTUL,"50.440979,21.060049",2000,80,86
1715591601,2024-05-13T09:13:21Z,SPTUL,"50.441071,21.061905",2000,82,84
1715591607,2024-05-13T09:13:27Z,SPTUL,"50.441303,21.065617",1900,84,82
1715591616,2024-05-13T09:13:36Z,SPTUL,"50.441574,21.070982",1900,84,87
1715591626,2024-05-13T09:13:46Z,SPTUL,"50.441631,21.076603",1900,80,88
1715591634,2024-05-13T09:13:54Z,SPTUL,"50.441849,21.081608",1900,81,85
1715591643,2024-05-13T09:14:03Z,SPTUL,"50.442123,21.087173",1900,85,87
1715591653,2024-05-13T09:14:13Z,SPTUL,"50.442169,21.092882",2000,86,89
1715591662,2024-05-13T09:14:22Z,SPTUL,"50.442261,21.098665",2000,89,87
1715591668,2024-05-13T09:14:28Z,SPTUL,"50.442284,21.102657",1900,94,91
1715591671,2024-05-13T09:14:31Z,SPTUL,"50.442234,21.104736",1900,97,91
1715591680,2024-05-13T09:14:40Z,SPTUL,"50.442078,21.111025",1800,96,91
1715591689,2024-05-13T09:14:49Z,SPTUL,"50.44191,21.117653",1700,97,91
1715591698,2024-05-13T09:14:58Z,SPTUL,"50.441895,21.123672",1600,96,90
1715591707,2024-05-13T09:15:07Z,SPTUL,"50.441864,21.130198",1600,96,92
1715591716,2024-05-13T09:15:16Z,SPTUL,"50.441723,21.136507",1600,91,92
1715591725,2024-05-13T09:15:25Z,SPTUL,"50.441586,21.142223",1500,87,90
1715591734,2024-05-13T09:15:34Z,SPTUL,"50.441666,21.147959",1500,87,90
1715591743,2024-05-13T09:15:43Z,SPTUL,"50.44162,21.153597",1500,87,91
1715591749,2024-05-13T09:15:49Z,SPTUL,"50.44162,21.157427",1500,83,90
1715591758,2024-05-13T09:15:58Z,SPTUL,"50.441536,21.162712",1500,81,92
1715591767,2024-05-13T09:16:07Z,SPTUL,"50.441444,21.167982",1400,82,90
1715591777,2024-05-13T09:16:17Z,SPTUL,"50.441437,21.173256",1500,79,90
1715591785,2024-05-13T09:16:25Z,SPTUL,"50.441483,21.178316",1500,79,88
1715591794,2024-05-13T09:16:34Z,SPTUL,"50.441254,21.183447",1500,77,92
1715591803,2024-05-13T09:16:43Z,SPTUL,"50.441025,21.188766",1500,81,94
1715591812,2024-05-13T09:16:52Z,SPTUL,"50.440842,21.194073",1500,83,93
1715591822,2024-05-13T09:17:02Z,SPTUL,"50.440655,21.199678",1600,84,90
1715591830,2024-05-13T09:17:10Z,SPTUL,"50.440613,21.204914",1600,83,92
1715591840,2024-05-13T09:17:20Z,SPTUL,"50.440521,21.210552",1500,82,92
1715591848,2024-05-13T09:17:28Z,SPTUL,"50.440235,21.215565",1500,84,96
1715591858,2024-05-13T09:17:38Z,SPTUL,"50.439907,21.221355",1600,84,95
1715591867,2024-05-13T09:17:47Z,SPTUL,"50.439606,21.226887",1600,80,95
1715591873,2024-05-13T09:17:53Z,SPTUL,"50.439304,21.230337",1600,81,99
1715591879,2024-05-13T09:17:59Z,SPTUL,"50.438873,21.233898",1600,82,100
1715591882,2024-05-13T09:18:02Z,SPTUL,"50.43869,21.235344",1600,82,100
1715591885,2024-05-13T09:18:05Z,SPTUL,"50.438416,21.237295",1700,81,104
1715591894,2024-05-13T09:18:14Z,SPTUL,"50.438,21.242807",1700,83,94
1715591895,2024-05-13T09:18:15Z,SPTUL,"50.438004,21.243078",1700,84,93
1715591900,2024-05-13T09:18:20Z,SPTUL,"50.437866,21.246475",1700,87,92
1715591903,2024-05-13T09:18:23Z,SPTUL,"50.437866,21.247053",1700,87,94
1715591912,2024-05-13T09:18:32Z,SPTUL,"50.437363,21.253847",1700,85,96
1715591921,2024-05-13T09:18:41Z,SPTUL,"50.436859,21.259413",1700,86,99
1715591924,2024-05-13T09:18:44Z,SPTUL,"50.436649,21.26144",1700,85,100
1715591927,2024-05-13T09:18:47Z,SPTUL,"50.436462,21.263222",1700,84,99
1715591936,2024-05-13T09:18:56Z,SPTUL,"50.435951,21.268789",1700,86,97
1715591945,2024-05-13T09:19:05Z,SPTUL,"50.435486,21.274357",1700,85,98
1715591955,2024-05-13T09:19:15Z,SPTUL,"50.434891,21.279795",1700,82,97
1715591964,2024-05-13T09:19:24Z,SPTUL,"50.434662,21.28507",1700,78,90
1715591973,2024-05-13T09:19:33Z,SPTUL,"50.434414,21.29002",1600,76,96
1715591982,2024-05-13T09:19:42Z,SPTUL,"50.433975,21.295118",1600,78,97
1715591991,2024-05-13T09:19:51Z,SPTUL,"50.433517,21.300322",1600,84,97
1715592000,2024-05-13T09:20:00Z,SPTUL,"50.433105,21.30596",1600,79,97
1715592006,2024-05-13T09:20:06Z,SPTUL,"50.432739,21.309172",1600,80,102
1715592009,2024-05-13T09:20:09Z,SPTUL,"50.432415,21.311102",1600,79,104
1715592012,2024-05-13T09:20:12Z,SPTUL,"50.432133,21.312735",1600,81,105
1715592015,2024-05-13T09:20:15Z,SPTUL,"50.431824,21.314344",1500,80,107
1715592018,2024-05-13T09:20:18Z,SPTUL,"50.431503,21.315863",1500,82,108
1715592021,2024-05-13T09:20:21Z,SPTUL,"50.431091,21.317669",1500,82,109
1715592024,2024-05-13T09:20:24Z,SPTUL,"50.430679,21.319403",1500,81,112
1715592027,2024-05-13T09:20:27Z,SPTUL,"50.430225,21.3209",1500,82,114
1715592030,2024-05-13T09:20:30Z,SPTUL,"50.429764,21.322584",1500,82,115
1715592033,2024-05-13T09:20:33Z,SPTUL,"50.429214,21.324318",1500,83,116
1715592036,2024-05-13T09:20:36Z,SPTUL,"50.428711,21.325836",1500,84,118
1715592039,2024-05-13T09:20:39Z,SPTUL,"50.428085,21.327581",1500,84,118
1715592042,2024-05-13T09:20:42Z,SPTUL,"50.427525,21.329214",1500,84,118
1715592045,2024-05-13T09:20:45Z,SPTUL,"50.426968,21.330772",1500,86,119
1715592048,2024-05-13T09:20:48Z,SPTUL,"50.426331,21.332485",1500,86,120
1715592051,2024-05-13T09:20:51Z,SPTUL,"50.425735,21.333931",1500,87,121
1715592054,2024-05-13T09:20:54Z,SPTUL,"50.425011,21.335747",1500,87,123
1715592057,2024-05-13T09:20:57Z,SPTUL,"50.424313,21.337305",1400,86,122
1715592060,2024-05-13T09:21:00Z,SPTUL,"50.42371,21.338863",1500,87,122
1715592063,2024-05-13T09:21:03Z,SPTUL,"50.423103,21.340275",1500,87,123
1715592066,2024-05-13T09:21:06Z,SPTUL,"50.422348,21.341883",1400,88,125
1715592069,2024-05-13T09:21:09Z,SPTUL,"50.421661,21.343399",1400,88,126
1715592072,2024-05-13T09:21:12Z,SPTUL,"50.420914,21.345026",1400,90,126
1715592075,2024-05-13T09:21:15Z,SPTUL,"50.42017,21.346584",1400,90,126
1715592078,2024-05-13T09:21:18Z,SPTUL,"50.419327,21.348314",1400,89,127
1715592081,2024-05-13T09:21:21Z,SPTUL,"50.418587,21.349775",1400,90,129
1715592084,2024-05-13T09:21:24Z,SPTUL,"50.417751,21.351336",1500,91,130
1715592088,2024-05-13T09:21:28Z,SPTUL,"50.416855,21.352942",1500,90,130
1715592090,2024-05-13T09:21:30Z,SPTUL,"50.416168,21.354229",1500,90,130
1715592100,2024-05-13T09:21:40Z,SPTUL,"50.413742,21.359156",1500,91,126
1715592108,2024-05-13T09:21:48Z,SPTUL,"50.411453,21.363783",1400,90,127
1715592118,2024-05-13T09:21:58Z,SPTUL,"50.40921,21.368263",1400,90,127
1715592126,2024-05-13T09:22:06Z,SPTUL,"50.406902,21.373011",1400,88,128
1715592135,2024-05-13T09:22:15Z,SPTUL,"50.4049,21.377687",1500,84,113
1715592139,2024-05-13T09:22:19Z,SPTUL,"50.404434,21.379543",1500,83,111
1715592141,2024-05-13T09:22:21Z,SPTUL,"50.404129,21.380985",1400,85,109
1715592145,2024-05-13T09:22:25Z,SPTUL,"50.403671,21.383009",1400,88,109
1715592148,2024-05-13T09:22:28Z,SPTUL,"50.403259,21.384815",1400,88,108
1715592151,2024-05-13T09:22:31Z,SPTUL,"50.402851,21.386669",1400,87,110
1715592153,2024-05-13T09:22:33Z,SPTUL,"50.402435,21.388227",1400,86,113
1715592157,2024-05-13T09:22:37Z,SPTUL,"50.40192,21.390083",1400,88,113
1715592160,2024-05-13T09:22:40Z,SPTUL,"50.401455,21.391865",1400,88,113
1715592163,2024-05-13T09:22:43Z,SPTUL,"50.400944,21.393646",1400,88,113
1715592172,2024-05-13T09:22:52Z,SPTUL,"50.399548,21.398993",1400,87,112
1715592175,2024-05-13T09:22:55Z,SPTUL,"50.399036,21.400774",1400,87,114
1715592178,2024-05-13T09:22:58Z,SPTUL,"50.398525,21.402481",1400,87,114
1715592187,2024-05-13T09:23:07Z,SPTUL,"50.397034,21.407602",1400,86,114
1715592196,2024-05-13T09:23:16Z,SPTUL,"50.395569,21.412931",1300,87,113
1715592205,2024-05-13T09:23:25Z,SPTUL,"50.3941,21.418365",1300,88,112
1715592214,2024-05-13T09:23:34Z,SPTUL,"50.392731,21.423485",1300,88,112
1715592220,2024-05-13T09:23:40Z,SPTUL,"50.391815,21.42717",1300,87,110
1715592229,2024-05-13T09:23:49Z,SPTUL,"50.390423,21.432322",1300,84,113
1715592238,2024-05-13T09:23:58Z,SPTUL,"50.389023,21.437433",1300,84,111
1715592247,2024-05-13T09:24:07Z,SPTUL,"50.387863,21.442566",1400,82,109
1715592256,2024-05-13T09:24:16Z,SPTUL,"50.386642,21.447626",1400,80,111
1715592262,2024-05-13T09:24:22Z,SPTUL,"50.385727,21.450733",1400,82,118
1715592266,2024-05-13T09:24:26Z,SPTUL,"50.385071,21.452438",1400,82,121
1715592268,2024-05-13T09:24:28Z,SPTUL,"50.384537,21.453625",1400,82,126
1715592271,2024-05-13T09:24:31Z,SPTUL,"50.383759,21.455143",1400,82,130
1715592275,2024-05-13T09:24:35Z,SPTUL,"50.382977,21.456596",1300,82,132
1715592278,2024-05-13T09:24:38Z,SPTUL,"50.382137,21.457932",1300,84,134
1715592281,2024-05-13T09:24:41Z,SPTUL,"50.381287,21.459263",1300,86,135
1715592284,2024-05-13T09:24:44Z,SPTUL,"50.380322,21.460529",1300,87,139
1715592286,2024-05-13T09:24:46Z,SPTUL,"50.379501,21.461647",1300,88,140
1715592289,2024-05-13T09:24:49Z,SPTUL,"50.378586,21.462732",1300,87,141
1715592292,2024-05-13T09:24:52Z,SPTUL,"50.377621,21.463945",1300,86,141
1715592295,2024-05-13T09:24:55Z,SPTUL,"50.376663,21.465189",1300,87,140
1715592299,2024-05-13T09:24:59Z,SPTUL,"50.375702,21.466417",1300,86,140
1715592301,2024-05-13T09:25:01Z,SPTUL,"50.374828,21.467583",1300,86,139
1715592308,2024-05-13T09:25:08Z,SPTUL,"50.373001,21.470322",1300,85,136
1715592317,2024-05-13T09:25:17Z,SPTUL,"50.370438,21.474079",1300,84,136
1715592320,2024-05-13T09:25:20Z,SPTUL,"50.369568,21.475376",1300,83,136
1715592329,2024-05-13T09:25:29Z,SPTUL,"50.366821,21.479067",1300,87,140
1715592335,2024-05-13T09:25:35Z,SPTUL,"50.364899,21.481379",1300,89,142
1715592338,2024-05-13T09:25:38Z,SPTUL,"50.363892,21.482609",1300,88,142
1715592341,2024-05-13T09:25:41Z,SPTUL,"50.362911,21.483765",1300,89,142
1715592344,2024-05-13T09:25:44Z,SPTUL,"50.361935,21.484953",1300,87,142
1715592347,2024-05-13T09:25:47Z,SPTUL,"50.36105,21.485992",1300,87,142
1715592350,2024-05-13T09:25:50Z,SPTUL,"50.360023,21.487179",1300,87,144
1715592353,2024-05-13T09:25:53Z,SPTUL,"50.359039,21.488245",1300,87,145
1715592362,2024-05-13T09:26:02Z,SPTUL,"50.35611,21.491859",1300,86,137
1715592365,2024-05-13T09:26:05Z,SPTUL,"50.35537,21.49297",1300,87,135
1715592368,2024-05-13T09:26:08Z,SPTUL,"50.354507,21.49439",1300,88,129
1715592371,2024-05-13T09:26:11Z,SPTUL,"50.353775,21.496052",1300,87,123
1715592374,2024-05-13T09:26:14Z,SPTUL,"50.35318,21.497869",1300,86,113
1715592377,2024-05-13T09:26:17Z,SPTUL,"50.352901,21.499502",1300,85,103
1715592380,2024-05-13T09:26:20Z,SPTUL,"50.352669,21.501284",1300,84,100
1715592383,2024-05-13T09:26:23Z,SPTUL,"50.352482,21.503214",1300,86,97
1715592386,2024-05-13T09:26:26Z,SPTUL,"50.35231,21.505304",1300,86,97
1715592389,2024-05-13T09:26:29Z,SPTUL,"50.352081,21.507038",1300,88,103
1715592392,2024-05-13T09:26:32Z,SPTUL,"50.351738,21.508856",1300,89,110
1715592395,2024-05-13T09:26:35Z,SPTUL,"50.351181,21.510563",1300,89,118
1715592398,2024-05-13T09:26:38Z,SPTUL,"50.350388,21.51227",1300,92,131
1715592401,2024-05-13T09:26:41Z,SPTUL,"50.349472,21.513327",1300,90,146
1715592405,2024-05-13T09:26:45Z,SPTUL,"50.34819,21.514267",1300,88,160
1715592407,2024-05-13T09:26:47Z,SPTUL,"50.34713,21.514645",1300,87,168
1715592410,2024-05-13T09:26:50Z,SPTUL,"50.345921,21.514793",1300,89,176
1715592413,2024-05-13T09:26:53Z,SPTUL,"50.344574,21.514845",1300,90,181
1715592417,2024-05-13T09:26:57Z,SPTUL,"50.343338,21.5147",1300,87,184
1715592419,2024-05-13T09:26:59Z,SPTUL,"50.342148,21.514482",1300,85,185
1715592423,2024-05-13T09:27:03Z,SPTUL,"50.341003,21.514338",1300,78,186
1715592425,2024-05-13T09:27:05Z,SPTUL,"50.340008,21.514126",1300,76,185
1715592428,2024-05-13T09:27:08Z,SPTUL,"50.338943,21.513977",1300,73,185
1715592432,2024-05-13T09:27:12Z,SPTUL,"50.337914,21.513828",1400,69,185
1715592434,2024-05-13T09:27:14Z,SPTUL,"50.337029,21.51368",1300,68,184
1715592438,2024-05-13T09:27:18Z,SPTUL,"50.336014,21.513544",1300,69,185
1715592441,2024-05-13T09:27:21Z,SPTUL,"50.335072,21.513384",1300,69,186
1715592443,2024-05-13T09:27:23Z,SPTUL,"50.334137,21.513182",1300,69,187
1715592453,2024-05-13T09:27:33Z,SPTUL,"50.331207,21.512789",1100,70,186
1715592462,2024-05-13T09:27:42Z,SPTUL,"50.328228,21.512196",1000,72,190
1715592465,2024-05-13T09:27:45Z,SPTUL,"50.327179,21.511953",900,72,190
1715592471,2024-05-13T09:27:51Z,SPTUL,"50.325203,21.511379",900,75,192
1715592474,2024-05-13T09:27:54Z,SPTUL,"50.324158,21.510725",900,79,205
1715592477,2024-05-13T09:27:57Z,SPTUL,"50.323341,21.509821",900,80,218
1715592480,2024-05-13T09:28:00Z,SPTUL,"50.322598,21.508261",900,80,237
1715592483,2024-05-13T09:28:03Z,SPTUL,"50.322224,21.506702",800,78,253
1715592485,2024-05-13T09:28:05Z,SPTUL,"50.322132,21.505365",800,78,264
1715592489,2024-05-13T09:28:09Z,SPTUL,"50.322086,21.50351",800,78,268
1715592492,2024-05-13T09:28:12Z,SPTUL,"50.322052,21.501762",800,77,269
1715592495,2024-05-13T09:28:15Z,SPTUL,"50.322052,21.500027",800,76,270
1715592498,2024-05-13T09:28:18Z,SPTUL,"50.322098,21.498438",700,74,270
1715592501,2024-05-13T09:28:21Z,SPTUL,"50.322098,21.496847",700,73,270
1715592504,2024-05-13T09:28:24Z,SPTUL,"50.322086,21.495197",700,74,270
1715592507,2024-05-13T09:28:27Z,SPTUL,"50.322098,21.493595",600,75,270
1715592510,2024-05-13T09:28:30Z,SPTUL,"50.322086,21.49193",600,73,270
1715592513,2024-05-13T09:28:33Z,SPTUL,"50.322132,21.490297",600,69,272
1715592516,2024-05-13T09:28:36Z,SPTUL,"50.322178,21.489183",500,67,271
1715592525,2024-05-13T09:28:45Z,SPTUL,"50.322144,21.484705",400,63,269
1715592533,2024-05-13T09:28:53Z,SPTUL,"50.322178,21.48139",400,60,270
1715592542,2024-05-13T09:29:02Z,SPTUL,"50.322224,21.477604",300,56,271
1715592551,2024-05-13T09:29:11Z,SPTUL,"50.322235,21.474297",300,44,270
1715592560,2024-05-13T09:29:20Z,SPTUL,"50.322235,21.470827",300,64,270
1715592579,2024-05-13T09:29:39Z,SPTUL,"50.322319,21.461124",500,72,271
1715592588,2024-05-13T09:29:48Z,SPTUL,"50.322365,21.455853",600,78,270
1715592598,2024-05-13T09:29:58Z,SPTUL,"50.322411,21.450731",800,75,270
1715592607,2024-05-13T09:30:07Z,SPTUL,"50.322601,21.445818",900,72,279
1715592609,2024-05-13T09:30:09Z,SPTUL,"50.32283,21.444496",1000,74,284
1715592613,2024-05-13T09:30:13Z,SPTUL,"50.323242,21.442926",1000,72,298
1715592615,2024-05-13T09:30:15Z,SPTUL,"50.323837,21.441771",1100,72,314
1715592618,2024-05-13T09:30:18Z,SPTUL,"50.324646,21.440859",1100,68,330
1715592622,2024-05-13T09:30:22Z,SPTUL,"50.325531,21.44047",1200,66,347
1715592625,2024-05-13T09:30:25Z,SPTUL,"50.326492,21.440325",1200,67,359
1715592628,2024-05-13T09:30:28Z,SPTUL,"50.327408,21.440325",1200,66,358
1715592631,2024-05-13T09:30:31Z,SPTUL,"50.328278,21.440266",1300,66,358
1715592634,2024-05-13T09:30:34Z,SPTUL,"50.329285,21.440252",1300,70,358
1715592637,2024-05-13T09:30:37Z,SPTUL,"50.330326,21.440266",1300,78,1
1715592640,2024-05-13T09:30:40Z,SPTUL,"50.33144,21.440338",1300,81,4
1715592643,2024-05-13T09:30:43Z,SPTUL,"50.332745,21.440784",1200,82,18
1715592646,2024-05-13T09:30:46Z,SPTUL,"50.333588,21.441483",1200,81,30
1715592649,2024-05-13T09:30:49Z,SPTUL,"50.334549,21.442783",1300,80,46
1715592652,2024-05-13T09:30:52Z,SPTUL,"50.335167,21.444199",1300,79,58
1715592655,2024-05-13T09:30:55Z,SPTUL,"50.335678,21.445759",1200,79,66
1715592658,2024-05-13T09:30:58Z,SPTUL,"50.336052,21.447392",1200,79,72
1715592661,2024-05-13T09:31:01Z,SPTUL,"50.336288,21.449142",1300,80,79
1715592664,2024-05-13T09:31:04Z,SPTUL,"50.336376,21.450806",1300,80,84
1715592667,2024-05-13T09:31:07Z,SPTUL,"50.336468,21.452662",1200,82,86
1715592670,2024-05-13T09:31:10Z,SPTUL,"50.336517,21.454517",1200,84,87
1715592673,2024-05-13T09:31:13Z,SPTUL,"50.336609,21.456076",1200,85,86
1715592676,2024-05-13T09:31:16Z,SPTUL,"50.336655,21.458033",1200,86,88
1715592679,2024-05-13T09:31:19Z,SPTUL,"50.3367,21.459986",1200,87,88
1715592682,2024-05-13T09:31:22Z,SPTUL,"50.33675,21.461792",1200,87,87
1715592685,2024-05-13T09:31:25Z,SPTUL,"50.336796,21.463648",1300,85,87
1715592688,2024-05-13T09:31:28Z,SPTUL,"50.336838,21.465479",1200,85,87
1715592691,2024-05-13T09:31:31Z,SPTUL,"50.336838,21.467285",1200,84,89
1715592700,2024-05-13T09:31:40Z,SPTUL,"50.337021,21.472996",1300,84,87
1715592710,2024-05-13T09:31:50Z,SPTUL,"50.337166,21.478643",1300,85,86
1715592718,2024-05-13T09:31:58Z,SPTUL,"50.337353,21.483988",1300,85,88
1715592728,2024-05-13T09:32:08Z,SPTUL,"50.337479,21.489763",1300,86,86
1715592737,2024-05-13T09:32:17Z,SPTUL,"50.337727,21.495344",1300,87,85
1715592745,2024-05-13T09:32:25Z,SPTUL,"50.338028,21.500967",1300,87,83
1715592754,2024-05-13T09:32:34Z,SPTUL,"50.338005,21.506109",1300,82,101
1715592758,2024-05-13T09:32:38Z,SPTUL,"50.337353,21.508186",1400,78,126
1715592761,2024-05-13T09:32:41Z,SPTUL,"50.336563,21.509207",1400,74,148
1715592764,2024-05-13T09:32:44Z,SPTUL,"50.335602,21.509785",1400,71,167
1715592767,2024-05-13T09:32:47Z,SPTUL,"50.334702,21.509893",1400,69,178
1715592770,2024-05-13T09:32:50Z,SPTUL,"50.333679,21.509785",1400,71,180
1715592773,2024-05-13T09:32:53Z,SPTUL,"50.332764,21.509857",1300,73,178
1715592776,2024-05-13T09:32:56Z,SPTUL,"50.331757,21.509857",1300,72,178
1715592779,2024-05-13T09:32:59Z,SPTUL,"50.330704,21.509857",1200,71,180
1715592782,2024-05-13T09:33:02Z,SPTUL,"50.329674,21.509821",1200,71,184
1715592785,2024-05-13T09:33:05Z,SPTUL,"50.328648,21.509672",1200,73,185
1715592788,2024-05-13T09:33:08Z,SPTUL,"50.327625,21.509449",1100,73,186
1715592791,2024-05-13T09:33:11Z,SPTUL,"50.326694,21.5093",1100,73,187
1715592794,2024-05-13T09:33:14Z,SPTUL,"50.325623,21.509077",1100,72,187
1715592797,2024-05-13T09:33:17Z,SPTUL,"50.324661,21.508844",1000,71,188
1715592800,2024-05-13T09:33:20Z,SPTUL,"50.323563,21.508484",1000,73,197
1715592802,2024-05-13T09:33:22Z,SPTUL,"50.322922,21.508038",1000,74,205
1715592806,2024-05-13T09:33:26Z,SPTUL,"50.321945,21.506777",1000,76,227
1715592809,2024-05-13T09:33:29Z,SPTUL,"50.321384,21.505219",900,77,245
1715592812,2024-05-13T09:33:32Z,SPTUL,"50.321152,21.50351",900,79,263
1715592815,2024-05-13T09:33:35Z,SPTUL,"50.321201,21.501802",900,77,279
1715592818,2024-05-13T09:33:38Z,SPTUL,"50.321571,21.500319",900,72,295
1715592821,2024-05-13T09:33:41Z,SPTUL,"50.322052,21.499016",900,69,297
1715592824,2024-05-13T09:33:44Z,SPTUL,"50.322372,21.49757",800,69,290
1715592827,2024-05-13T09:33:47Z,SPTUL,"50.322556,21.495979",800,70,273
1715592830,2024-05-13T09:33:50Z,SPTUL,"50.322418,21.494751",800,72,258
1715592833,2024-05-13T09:33:53Z,SPTUL,"50.322178,21.49297",700,73,257
1715592836,2024-05-13T09:33:56Z,SPTUL,"50.322086,21.491337",700,74,268
1715592839,2024-05-13T09:33:59Z,SPTUL,"50.322144,21.489981",700,71,277
1715592845,2024-05-13T09:34:05Z,SPTUL,"50.322327,21.487089",600,70,274
1715592848,2024-05-13T09:34:08Z,SPTUL,"50.322235,21.485355",600,68,263
1715592851,2024-05-13T09:34:11Z,SPTUL,"50.322178,21.483765",500,68,268
1715592854,2024-05-13T09:34:14Z,SPTUL,"50.322178,21.482725",500,67,270
1715592859,2024-05-13T09:34:19Z,SPTUL,"50.322189,21.480223",400,65,270
1715592862,2024-05-13T09:34:22Z,SPTUL,"50.322178,21.47879",400,65,270
1715592868,2024-05-13T09:34:28Z,SPTUL,"50.322235,21.476175",300,59,270
1715592871,2024-05-13T09:34:31Z,SPTUL,"50.322235,21.475019",300,53,270
1715592874,2024-05-13T09:34:34Z,SPTUL,"50.322235,21.473934",300,49,268
1715592877,2024-05-13T09:34:37Z,SPTUL,"50.322235,21.472778",300,46,271
1715592886,2024-05-13T09:34:46Z,SPTUL,"50.322224,21.469215",300,65,270
1715592895,2024-05-13T09:34:55Z,SPTUL,"50.322281,21.464756",400,70,270
1715592902,2024-05-13T09:35:02Z,SPTUL,"50.322372,21.460997",500,69,271
1715592912,2024-05-13T09:35:12Z,SPTUL,"50.322372,21.456659",700,64,266
1715592921,2024-05-13T09:35:21Z,SPTUL,"50.322269,21.451845",700,72,270
1715592930,2024-05-13T09:35:30Z,SPTUL,"50.322269,21.447243",800,73,268
1715592939,2024-05-13T09:35:39Z,SPTUL,"50.322086,21.442566",900,73,264
1715592942,2024-05-13T09:35:42Z,SPTUL,"50.321854,21.440933",900,73,250
1715592945,2024-05-13T09:35:45Z,SPTUL,"50.321274,21.439602",1000,74,232
1715592948,2024-05-13T09:35:48Z,SPTUL,"50.320503,21.438631",1100,74,215
1715592951,2024-05-13T09:35:51Z,SPTUL,"50.319618,21.437963",1100,73,199
1715592954,2024-05-13T09:35:54Z,SPTUL,"50.318405,21.437666",1200,74,186
1715592957,2024-05-13T09:35:57Z,SPTUL,"50.317383,21.437506",1200,74,183
1715592960,2024-05-13T09:36:00Z,SPTUL,"50.316544,21.437445",1300,72,185
1715592963,2024-05-13T09:36:03Z,SPTUL,"50.315506,21.43729",1300,72,184
1715592966,2024-05-13T09:36:06Z,SPTUL,"50.314545,21.43737",1300,73,175
1715592969,2024-05-13T09:36:09Z,SPTUL,"50.3134,21.438086",1300,76,146
1715592972,2024-05-13T09:36:12Z,SPTUL,"50.312729,21.439152",1300,77,127
1715592975,2024-05-13T09:36:15Z,SPTUL,"50.312302,21.44076",1300,78,107
1715592978,2024-05-13T09:36:18Z,SPTUL,"50.312119,21.442566",1300,80,97
1715592981,2024-05-13T09:36:21Z,SPTUL,"50.312031,21.444422",1300,83,95
1715592984,2024-05-13T09:36:24Z,SPTUL,"50.311935,21.44618",1300,85,94
1715592987,2024-05-13T09:36:27Z,SPTUL,"50.311844,21.447985",1300,86,94
1715592990,2024-05-13T09:36:30Z,SPTUL,"50.311749,21.449841",1300,87,94
1715592994,2024-05-13T09:36:34Z,SPTUL,"50.311615,21.451889",1300,87,95
1715592996,2024-05-13T09:36:36Z,SPTUL,"50.311478,21.453552",1300,87,97
1715592999,2024-05-13T09:36:39Z,SPTUL,"50.311283,21.455482",1300,86,98
1715593002,2024-05-13T09:36:42Z,SPTUL,"50.31105,21.457338",1300,86,102
1715593008,2024-05-13T09:36:48Z,SPTUL,"50.310398,21.460827",1400,86,107
1715593011,2024-05-13T09:36:51Z,SPTUL,"50.310028,21.462683",1400,86,106
1715593015,2024-05-13T09:36:55Z,SPTUL,"50.309647,21.464756",1400,85,106
1715593018,2024-05-13T09:36:58Z,SPTUL,"50.309326,21.466562",1400,86,106
1715593020,2024-05-13T09:37:00Z,SPTUL,"50.309002,21.468176",1400,87,107
1715593023,2024-05-13T09:37:03Z,SPTUL,"50.308586,21.470032",1300,90,108
1715593027,2024-05-13T09:37:07Z,SPTUL,"50.308182,21.471983",1300,91,107
1715593030,2024-05-13T09:37:10Z,SPTUL,"50.307861,21.473862",1300,89,106
1715593032,2024-05-13T09:37:12Z,SPTUL,"50.307514,21.475599",1300,89,107
1715593042,2024-05-13T09:37:22Z,SPTUL,"50.306396,21.481464",1300,89,104
1715593051,2024-05-13T09:37:31Z,SPTUL,"50.30542,21.486958",1200,92,107
1715593060,2024-05-13T09:37:40Z,SPTUL,"50.304291,21.492582",1200,86,108
1715593069,2024-05-13T09:37:49Z,SPTUL,"50.303139,21.497721",1200,84,108
1715593072,2024-05-13T09:37:52Z,SPTUL,"50.302734,21.499449",1200,84,109
1715593075,2024-05-13T09:37:55Z,SPTUL,"50.302322,21.501257",1200,82,109
1715593078,2024-05-13T09:37:58Z,SPTUL,"50.301926,21.502991",1200,80,111
1715593084,2024-05-13T09:38:04Z,SPTUL,"50.301136,21.506256",1200,82,107
1715593093,2024-05-13T09:38:13Z,SPTUL,"50.300114,21.511454",1200,84,104
1715593096,2024-05-13T09:38:16Z,SPTUL,"50.299881,21.513309",1200,85,102
1715593099,2024-05-13T09:38:19Z,SPTUL,"50.299622,21.51506",1200,83,102
1715593101,2024-05-13T09:38:21Z,SPTUL,"50.299412,21.516426",1300,82,102
1715593105,2024-05-13T09:38:25Z,SPTUL,"50.299072,21.518747",1300,82,101
1715593108,2024-05-13T09:38:28Z,SPTUL,"50.298855,21.52051",1300,83,101
1715593111,2024-05-13T09:38:31Z,SPTUL,"50.298668,21.522217",1300,83,101
1715593117,2024-05-13T09:38:37Z,SPTUL,"50.298157,21.52578",1300,82,102
1715593126,2024-05-13T09:38:46Z,SPTUL,"50.297367,21.531273",1300,86,99
1715593135,2024-05-13T09:38:55Z,SPTUL,"50.296692,21.536673",1300,86,102
1715593138,2024-05-13T09:38:58Z,SPTUL,"50.296371,21.538551",1300,88,106
1715593141,2024-05-13T09:39:01Z,SPTUL,"50.296017,21.540255",1300,87,108
1715593144,2024-05-13T09:39:04Z,SPTUL,"50.295643,21.542036",1300,86,108
1715593148,2024-05-13T09:39:08Z,SPTUL,"50.295227,21.543972",1300,86,109
1715593156,2024-05-13T09:39:16Z,SPTUL,"50.294128,21.549393",1300,87,107
1715593159,2024-05-13T09:39:19Z,SPTUL,"50.293781,21.551241",1300,86,107
1715593163,2024-05-13T09:39:23Z,SPTUL,"50.293396,21.55308",1300,87,109
1715593171,2024-05-13T09:39:31Z,SPTUL,"50.292206,21.558355",1200,86,108
1715593180,2024-05-13T09:39:40Z,SPTUL,"50.29108,21.563564",1300,80,105
1715593190,2024-05-13T09:39:50Z,SPTUL,"50.290195,21.56876",1400,79,105
1715593199,2024-05-13T09:39:59Z,SPTUL,"50.289322,21.573606",1400,79,106
1715593208,2024-05-13T09:40:08Z,SPTUL,"50.288406,21.578594",1300,78,104
1715593214,2024-05-13T09:40:14Z,SPTUL,"50.287674,21.581774",1300,78,112
1715593217,2024-05-13T09:40:17Z,SPTUL,"50.287262,21.583384",1400,78,110
1715593220,2024-05-13T09:40:20Z,SPTUL,"50.286938,21.584869",1300,77,110
1715593223,2024-05-13T09:40:23Z,SPTUL,"50.286484,21.586544",1300,79,113
1715593226,2024-05-13T09:40:26Z,SPTUL,"50.286098,21.588135",1300,80,111
1715593235,2024-05-13T09:40:35Z,SPTUL,"50.285263,21.593109",1300,80,101
1715593238,2024-05-13T09:40:38Z,SPTUL,"50.285065,21.594784",1300,78,100
1715593241,2024-05-13T09:40:41Z,SPTUL,"50.284889,21.596449",1300,76,98
1715593244,2024-05-13T09:40:44Z,SPTUL,"50.284748,21.59823",1300,75,96
1715593247,2024-05-13T09:40:47Z,SPTUL,"50.284611,21.599714",1400,76,96
1715593250,2024-05-13T09:40:50Z,SPTUL,"50.28447,21.601645",1400,79,97
1715593253,2024-05-13T09:40:53Z,SPTUL,"50.284378,21.603277",1400,80,94
1715593256,2024-05-13T09:40:56Z,SPTUL,"50.284283,21.604986",1400,79,95
1715593259,2024-05-13T09:40:59Z,SPTUL,"50.284149,21.606638",1400,79,97
1715593262,2024-05-13T09:41:02Z,SPTUL,"50.28405,21.608326",1300,78,96
1715593265,2024-05-13T09:41:05Z,SPTUL,"50.28392,21.610035",1400,77,95
1715593271,2024-05-13T09:41:11Z,SPTUL,"50.283726,21.613596",1300,77,94
1715593280,2024-05-13T09:41:20Z,SPTUL,"50.283447,21.618347",1400,73,93
1715593290,2024-05-13T09:41:30Z,SPTUL,"50.283073,21.623247",1400,76,97
1715593299,2024-05-13T09:41:39Z,SPTUL,"50.282608,21.62822",1400,73,96
1715593307,2024-05-13T09:41:47Z,SPTUL,"50.282318,21.632803",1400,74,93
1715593311,2024-05-13T09:41:51Z,SPTUL,"50.282284,21.634604",1400,76,90
1715593313,2024-05-13T09:41:53Z,SPTUL,"50.282272,21.636272",1400,77,90
1715593316,2024-05-13T09:41:56Z,SPTUL,"50.282284,21.637871",1400,77,89
1715593319,2024-05-13T09:41:59Z,SPTUL,"50.282318,21.639524",1400,76,87
1715593322,2024-05-13T09:42:02Z,SPTUL,"50.282375,21.641136",1400,76,86
1715593326,2024-05-13T09:42:06Z,SPTUL,"50.282421,21.642843",1400,75,89
1715593335,2024-05-13T09:42:15Z,SPTUL,"50.282181,21.647547",1500,69,95
1715593338,2024-05-13T09:42:18Z,SPTUL,"50.282043,21.649065",1500,69,97
1715593347,2024-05-13T09:42:27Z,SPTUL,"50.28186,21.653692",1600,74,93
1715593350,2024-05-13T09:42:30Z,SPTUL,"50.281769,21.655354",1600,77,94
1715593353,2024-05-13T09:42:33Z,SPTUL,"50.281677,21.657097",1600,78,92
1715593356,2024-05-13T09:42:36Z,SPTUL,"50.281631,21.658823",1700,76,94
1715593362,2024-05-13T09:42:42Z,SPTUL,"50.28149,21.661995",1800,72,91
1715593365,2024-05-13T09:42:45Z,SPTUL,"50.28149,21.663481",1800,74,88
1715593371,2024-05-13T09:42:51Z,SPTUL,"50.281311,21.667135",1800,83,99
1715593374,2024-05-13T09:42:54Z,SPTUL,"50.281128,21.668941",1900,84,100
1715593377,2024-05-13T09:42:57Z,SPTUL,"50.280899,21.670605",1900,84,100
1715593380,2024-05-13T09:43:00Z,SPTUL,"50.28067,21.672411",1900,84,100
1715593383,2024-05-13T09:43:03Z,SPTUL,"50.280514,21.674021",1900,86,100
1715593389,2024-05-13T09:43:09Z,SPTUL,"50.280094,21.678179",1800,90,100
1715593392,2024-05-13T09:43:12Z,SPTUL,"50.279846,21.680145",1900,89,101
1715593395,2024-05-13T09:43:15Z,SPTUL,"50.279583,21.682112",1900,90,100
1715593398,2024-05-13T09:43:18Z,SPTUL,"50.27935,21.684042",1800,89,100
1715593404,2024-05-13T09:43:24Z,SPTUL,"50.278744,21.687754",1800,88,105
1715593407,2024-05-13T09:43:27Z,SPTUL,"50.278419,21.68961",1900,87,105
1715593416,2024-05-13T09:43:36Z,SPTUL,"50.277489,21.695103",1900,84,105
1715593419,2024-05-13T09:43:39Z,SPTUL,"50.277161,21.696884",1900,86,106
1715593422,2024-05-13T09:43:42Z,SPTUL,"50.276825,21.698431",1800,88,108
1715593425,2024-05-13T09:43:45Z,SPTUL,"50.276413,21.700384",1800,86,107
1715593428,2024-05-13T09:43:48Z,SPTUL,"50.276093,21.702045",1800,85,108
1715593437,2024-05-13T09:43:57Z,SPTUL,"50.275066,21.707277",1800,84,105
1715593446,2024-05-13T09:44:06Z,SPTUL,"50.274033,21.712599",1900,82,105
1715593452,2024-05-13T09:44:12Z,SPTUL,"50.273483,21.715996",1800,84,103
1715593455,2024-05-13T09:44:15Z,SPTUL,"50.273254,21.717802",1800,84,101
1715593458,2024-05-13T09:44:18Z,SPTUL,"50.273026,21.71961",1800,86,101
1715593461,2024-05-13T09:44:21Z,SPTUL,"50.272785,21.72138",1800,88,101
1715593470,2024-05-13T09:44:30Z,SPTUL,"50.271881,21.726982",1800,83,103
1715593480,2024-05-13T09:44:40Z,SPTUL,"50.270969,21.732294",1700,82,106
1715593485,2024-05-13T09:44:45Z,SPTUL,"50.270317,21.735485",1700,80,107
1715593489,2024-05-13T09:44:49Z,SPTUL,"50.269913,21.737246",1700,80,109
1715593492,2024-05-13T09:44:52Z,SPTUL,"50.269547,21.738907",1700,80,111
1715593495,2024-05-13T09:44:55Z,SPTUL,"50.269108,21.740459",1700,79,111
1715593498,2024-05-13T09:44:58Z,SPTUL,"50.268723,21.742016",1700,78,111
1715593501,2024-05-13T09:45:01Z,SPTUL,"50.268364,21.743576",1700,78,109
1715593510,2024-05-13T09:45:10Z,SPTUL,"50.267395,21.748737",1800,79,105
1715593519,2024-05-13T09:45:19Z,SPTUL,"50.266315,21.753746",1800,80,111
1715593528,2024-05-13T09:45:28Z,SPTUL,"50.265244,21.758274",1800,82,110
1715593537,2024-05-13T09:45:37Z,SPTUL,"50.264191,21.763771",1800,82,104
1715593546,2024-05-13T09:45:46Z,SPTUL,"50.263321,21.768976",1800,84,108
1715593549,2024-05-13T09:45:49Z,SPTUL,"50.262825,21.770672",1800,82,115
1715593551,2024-05-13T09:45:51Z,SPTUL,"50.262451,21.771795",1800,83,120
1715593555,2024-05-13T09:45:55Z,SPTUL,"50.261719,21.773529",1800,83,124
1715593558,2024-05-13T09:45:58Z,SPTUL,"50.261009,21.775126",1900,84,125
1715593561,2024-05-13T09:46:01Z,SPTUL,"50.260529,21.776203",1900,85,123
1715593564,2024-05-13T09:46:04Z,SPTUL,"50.259705,21.778242",1900,87,121
1715593567,2024-05-13T09:46:07Z,SPTUL,"50.259064,21.77989",1900,89,120
1715593570,2024-05-13T09:46:10Z,SPTUL,"50.258423,21.781624",1900,90,119
1715593573,2024-05-13T09:46:13Z,SPTUL,"50.257797,21.783291",1800,94,119
1715593579,2024-05-13T09:46:19Z,SPTUL,"50.256584,21.786854",1800,93,117
1715593585,2024-05-13T09:46:25Z,SPTUL,"50.25531,21.790659",1800,96,117
1715593588,2024-05-13T09:46:28Z,SPTUL,"50.25491,21.791975",1800,95,117
1715593591,2024-05-13T09:46:31Z,SPTUL,"50.254166,21.794203",1800,93,117
1715593597,2024-05-13T09:46:37Z,SPTUL,"50.252907,21.79784",1800,85,119
1715593605,2024-05-13T09:46:45Z,SPTUL,"50.251465,21.802151",1800,86,115
1715593616,2024-05-13T09:46:56Z,SPTUL,"50.249603,21.807861",1700,86,117
1715593624,2024-05-13T09:47:04Z,SPTUL,"50.248112,21.812613",1700,83,117
1715593634,2024-05-13T09:47:14Z,SPTUL,"50.246475,21.817474",1800,78,116
1715593643,2024-05-13T09:47:23Z,SPTUL,"50.245041,21.822041",1700,80,115
1715593652,2024-05-13T09:47:32Z,SPTUL,"50.243645,21.826569",1800,76,114
1715593655,2024-05-13T09:47:35Z,SPTUL,"50.243225,21.828053",1800,77,112
1715593657,2024-05-13T09:47:37Z,SPTUL,"50.242813,21.829617",1800,77,112
1715593661,2024-05-13T09:47:41Z,SPTUL,"50.242386,21.831244",1800,78,112
1715593670,2024-05-13T09:47:50Z,SPTUL,"50.240891,21.835833",1800,80,119
1715593679,2024-05-13T09:47:59Z,SPTUL,"50.239223,21.840448",1800,82,119
1715593681,2024-05-13T09:48:01Z,SPTUL,"50.238739,21.841904",1800,81,119
1715593684,2024-05-13T09:48:04Z,SPTUL,"50.238289,21.843121",1800,81,118
1715593687,2024-05-13T09:48:07Z,SPTUL,"50.23764,21.845051",1800,81,117
1715593690,2024-05-13T09:48:10Z,SPTUL,"50.237175,21.846239",1800,81,120
1715593693,2024-05-13T09:48:13Z,SPTUL,"50.236568,21.847797",1800,81,120
1715593703,2024-05-13T09:48:23Z,SPTUL,"50.234619,21.852962",1800,88,119
1715593712,2024-05-13T09:48:32Z,SPTUL,"50.232704,21.858191",1700,90,119
1715593721,2024-05-13T09:48:41Z,SPTUL,"50.230888,21.863312",1800,95,119
1715593730,2024-05-13T09:48:50Z,SPTUL,"50.228981,21.868879",1800,98,117
1715593739,2024-05-13T09:48:59Z,SPTUL,"50.226933,21.874819",1800,104,118
1715593748,2024-05-13T09:49:08Z,SPTUL,"50.22493,21.880756",1800,102,117
1715593757,2024-05-13T09:49:17Z,SPTUL,"50.222927,21.886621",1700,99,118
1715593766,2024-05-13T09:49:26Z,SPTUL,"50.220978,21.891777",1700,98,122
1715593775,2024-05-13T09:49:35Z,SPTUL,"50.218735,21.89727",1800,92,122
1715593784,2024-05-13T09:49:44Z,SPTUL,"50.216629,21.902691",1800,94,121
1715593787,2024-05-13T09:49:47Z,SPTUL,"50.216038,21.904066",1800,93,123
1715593796,2024-05-13T09:49:56Z,SPTUL,"50.213928,21.909267",1800,94,122
1715593805,2024-05-13T09:50:05Z,SPTUL,"50.211777,21.914618",1800,95,120
1715593814,2024-05-13T09:50:14Z,SPTUL,"50.209763,21.919966",1800,96,120
1715593824,2024-05-13T09:50:24Z,SPTUL,"50.207844,21.925446",1700,94,117
1715593826,2024-05-13T09:50:26Z,SPTUL,"50.207241,21.927301",1700,93,116
1715593829,2024-05-13T09:50:29Z,SPTUL,"50.20668,21.929008",1800,92,116
1715593832,2024-05-13T09:50:32Z,SPTUL,"50.206123,21.93079",1800,90,116
1715593841,2024-05-13T09:50:41Z,SPTUL,"50.204178,21.935938",1800,92,124
1715593850,2024-05-13T09:50:50Z,SPTUL,"50.202072,21.940853",1800,94,124
1715593854,2024-05-13T09:50:54Z,SPTUL,"50.201283,21.942667",1800,93,124
1715593856,2024-05-13T09:50:56Z,SPTUL,"50.200535,21.9443",1800,94,124
1715593859,2024-05-13T09:50:59Z,SPTUL,"50.199837,21.945932",1900,94,123
1715593862,2024-05-13T09:51:02Z,SPTUL,"50.199097,21.94772",1900,94,122
1715593865,2024-05-13T09:51:05Z,SPTUL,"50.198441,21.949495",1900,97,122
1715593875,2024-05-13T09:51:15Z,SPTUL,"50.196209,21.95536",1900,104,119
1715593877,2024-05-13T09:51:17Z,SPTUL,"50.195557,21.957216",1800,107,118
1715593880,2024-05-13T09:51:20Z,SPTUL,"50.194809,21.959295",1800,107,119
1715593890,2024-05-13T09:51:30Z,SPTUL,"50.192505,21.965357",1800,101,121
1715593899,2024-05-13T09:51:39Z,SPTUL,"50.190342,21.9708",1800,98,121
1715593908,2024-05-13T09:51:48Z,SPTUL,"50.188248,21.976126",1800,93,120
1715593917,2024-05-13T09:51:57Z,SPTUL,"50.186279,21.981329",1900,92,121
1715593926,2024-05-13T09:52:06Z,SPTUL,"50.184219,21.986172",1900,94,124
1715593935,2024-05-13T09:52:15Z,SPTUL,"50.181976,21.991377",1900,96,123
1715593938,2024-05-13T09:52:18Z,SPTUL,"50.181126,21.993292",1800,100,125
1715593941,2024-05-13T09:52:21Z,SPTUL,"50.180378,21.994926",1800,98,126
1715593944,2024-05-13T09:52:24Z,SPTUL,"50.179543,21.996634",1800,96,127
1715593947,2024-05-13T09:52:27Z,SPTUL,"50.178635,21.998316",1800,95,131
1715593950,2024-05-13T09:52:30Z,SPTUL,"50.177864,21.999603",1800,93,132
1715593953,2024-05-13T09:52:33Z,SPTUL,"50.176983,22.001162",1800,92,132
1715593956,2024-05-13T09:52:36Z,SPTUL,"50.176052,22.002645",1700,90,134
1715593959,2024-05-13T09:52:39Z,SPTUL,"50.175201,22.004025",1700,89,134
1715593962,2024-05-13T09:52:42Z,SPTUL,"50.174286,22.005543",1700,90,133
1715593965,2024-05-13T09:52:45Z,SPTUL,"50.173462,22.006916",1700,91,131
1715593974,2024-05-13T09:52:54Z,SPTUL,"50.171024,22.011555",1600,92,131
1715593983,2024-05-13T09:53:03Z,SPTUL,"50.168289,22.015951",1600,96,135
1715593989,2024-05-13T09:53:09Z,SPTUL,"50.166134,22.018755",1600,96,141
1715593992,2024-05-13T09:53:12Z,SPTUL,"50.165131,22.019999",1500,97,142
1715593996,2024-05-13T09:53:16Z,SPTUL,"50.16394,22.021372",1500,98,145
1715593999,2024-05-13T09:53:19Z,SPTUL,"50.162842,22.022528",1500,97,145
1715594001,2024-05-13T09:53:21Z,SPTUL,"50.161758,22.023727",1500,96,143
1715594004,2024-05-13T09:53:24Z,SPTUL,"50.160828,22.024841",1500,95,142
1715594007,2024-05-13T09:53:27Z,SPTUL,"50.159729,22.026215",1500,96,141
1715594010,2024-05-13T09:53:30Z,SPTUL,"50.158676,22.027443",1400,95,142
1715594013,2024-05-13T09:53:33Z,SPTUL,"50.157623,22.028671",1400,95,143
1715594016,2024-05-13T09:53:36Z,SPTUL,"50.156525,22.029902",1400,96,143
1715594026,2024-05-13T09:53:46Z,SPTUL,"50.153099,22.033527",1400,95,146
1715594035,2024-05-13T09:53:55Z,SPTUL,"50.149796,22.03684",1400,93,146
1715594044,2024-05-13T09:54:04Z,SPTUL,"50.146908,22.040653",1300,91,128
1715594047,2024-05-13T09:54:07Z,SPTUL,"50.146271,22.042404",1300,90,116
1715594050,2024-05-13T09:54:10Z,SPTUL,"50.145905,22.044212",1300,89,105
1715594053,2024-05-13T09:54:13Z,SPTUL,"50.145744,22.046146",1400,88,95
1715594056,2024-05-13T09:54:16Z,SPTUL,"50.145676,22.048042",1400,89,91
1715594059,2024-05-13T09:54:19Z,SPTUL,"50.145653,22.050007",1400,90,91
1715594062,2024-05-13T09:54:22Z,SPTUL,"50.145603,22.051714",1400,90,91
1715594065,2024-05-13T09:54:25Z,SPTUL,"50.145603,22.053717",1400,91,90
1715594068,2024-05-13T09:54:28Z,SPTUL,"50.145584,22.055994",1300,92,91
1715594071,2024-05-13T09:54:31Z,SPTUL,"50.145557,22.057949",1300,92,91
1715594074,2024-05-13T09:54:34Z,SPTUL,"50.145538,22.059969",1300,92,91
1715594077,2024-05-13T09:54:37Z,SPTUL,"50.145512,22.061884",1300,92,91
1715594080,2024-05-13T09:54:40Z,SPTUL,"50.145493,22.063799",1300,92,91
1715594089,2024-05-13T09:54:49Z,SPTUL,"50.145325,22.069975",1300,92,92
1715594098,2024-05-13T09:54:58Z,SPTUL,"50.145046,22.075838",1300,89,96
1715594107,2024-05-13T09:55:07Z,SPTUL,"50.144714,22.081652",1200,88,94
1715594116,2024-05-13T09:55:16Z,SPTUL,"50.14444,22.087122",1200,84,94
1715594119,2024-05-13T09:55:19Z,SPTUL,"50.144302,22.088881",1200,84,98
1715594122,2024-05-13T09:55:22Z,SPTUL,"50.144028,22.090687",1200,82,107
1715594125,2024-05-13T09:55:25Z,SPTUL,"50.14357,22.092278",1200,82,118
1715594128,2024-05-13T09:55:28Z,SPTUL,"50.142838,22.093723",1200,81,131
1715594131,2024-05-13T09:55:31Z,SPTUL,"50.141926,22.094769",1200,79,149
1715594134,2024-05-13T09:55:34Z,SPTUL,"50.140869,22.095385",1200,79,163
1715594137,2024-05-13T09:55:37Z,SPTUL,"50.139771,22.095675",1300,80,174
1715594140,2024-05-13T09:55:40Z,SPTUL,"50.138622,22.095806",1200,82,175
1715594143,2024-05-13T09:55:43Z,SPTUL,"50.137691,22.095881",1200,82,175
1715594146,2024-05-13T09:55:46Z,SPTUL,"50.136429,22.096107",1200,83,173
1715594149,2024-05-13T09:55:49Z,SPTUL,"50.135239,22.096325",1200,85,173
1715594152,2024-05-13T09:55:52Z,SPTUL,"50.134014,22.096476",1200,86,174
1715594155,2024-05-13T09:55:55Z,SPTUL,"50.132896,22.096699",1200,86,172
1715594158,2024-05-13T09:55:58Z,SPTUL,"50.131638,22.096994",1200,87,172
1715594161,2024-05-13T09:56:01Z,SPTUL,"50.130478,22.097265",1300,88,170
1715594170,2024-05-13T09:56:10Z,SPTUL,"50.126862,22.098131",1300,86,172
1715594174,2024-05-13T09:56:14Z,SPTUL,"50.125488,22.098494",1300,88,169
1715594182,2024-05-13T09:56:22Z,SPTUL,"50.121956,22.099148",1200,88,174
1715594191,2024-05-13T09:56:31Z,SPTUL,"50.118374,22.099592",1200,84,179
1715594194,2024-05-13T09:56:34Z,SPTUL,"50.117157,22.099432",1200,81,184
1715594197,2024-05-13T09:56:37Z,SPTUL,"50.116043,22.099297",1200,79,185
1715594200,2024-05-13T09:56:40Z,SPTUL,"50.115067,22.099148",1200,78,185
1715594203,2024-05-13T09:56:43Z,SPTUL,"50.113949,22.098925",1200,75,188
1715594206,2024-05-13T09:56:46Z,SPTUL,"50.112926,22.098701",1200,74,186
1715594210,2024-05-13T09:56:50Z,SPTUL,"50.111847,22.098566",1200,75,185
1715594213,2024-05-13T09:56:53Z,SPTUL,"50.110748,22.098421",1200,77,184
1715594215,2024-05-13T09:56:55Z,SPTUL,"50.109741,22.098276",1100,78,185
1715594219,2024-05-13T09:56:59Z,SPTUL,"50.108597,22.098108",1100,78,185
1715594225,2024-05-13T09:57:05Z,SPTUL,"50.106308,22.097626",1100,78,191
1715594228,2024-05-13T09:57:08Z,SPTUL,"50.105301,22.097048",1100,76,206
1715594231,2024-05-13T09:57:11Z,SPTUL,"50.104641,22.096104",1100,74,230
1715594234,2024-05-13T09:57:14Z,SPTUL,"50.104248,22.094374",1100,75,260
1715594237,2024-05-13T09:57:17Z,SPTUL,"50.104313,22.092838",1100,77,276
1715594240,2024-05-13T09:57:20Z,SPTUL,"50.104385,22.09112",1200,77,272
1715594243,2024-05-13T09:57:23Z,SPTUL,"50.104359,22.089497",1200,73,266
1715594245,2024-05-13T09:57:25Z,SPTUL,"50.104313,22.088236",1100,71,265
1715594249,2024-05-13T09:57:29Z,SPTUL,"50.104221,22.086603",1100,70,263
1715594252,2024-05-13T09:57:32Z,SPTUL,"50.104156,22.085049",1100,72,267
1715594255,2024-05-13T09:57:35Z,SPTUL,"50.104156,22.08346",1000,72,270
1715594258,2024-05-13T09:57:38Z,SPTUL,"50.104172,22.081852",1000,73,270
1715594261,2024-05-13T09:57:41Z,SPTUL,"50.104172,22.080366",1000,76,270
1715594264,2024-05-13T09:57:44Z,SPTUL,"50.104172,22.078733",900,76,270
1715594267,2024-05-13T09:57:47Z,SPTUL,"50.104172,22.076952",900,76,270
1715594276,2024-05-13T09:57:56Z,SPTUL,"50.104221,22.07198",800,73,270
1715594279,2024-05-13T09:57:59Z,SPTUL,"50.104221,22.070345",800,71,269
1715594288,2024-05-13T09:58:08Z,SPTUL,"50.104111,22.066185",700,66,269
1715594297,2024-05-13T09:58:17Z,SPTUL,"50.104156,22.061703",600,67,270
1715594306,2024-05-13T09:58:26Z,SPTUL,"50.104156,22.057295",500,71,270
1715594315,2024-05-13T09:58:35Z,SPTUL,"50.104202,22.052958",400,65,269
1715594321,2024-05-13T09:58:41Z,SPTUL,"50.104156,22.050066",400,55,268
1715594330,2024-05-13T09:58:50Z,SPTUL,"50.104156,22.047104",400,40,271
1715594339,2024-05-13T09:58:59Z,SPTUL,"50.104156,22.045296",400,16,262
1715594343,2024-05-13T09:59:03Z,SPTUL,"50.104019,22.04508",400,11,217
1715594348,2024-05-13T09:59:08Z,SPTUL,"50.10379,22.04508",400,8,159
1715594355,2024-05-13T09:59:15Z,SPTUL,"50.103661,22.045404",400,10,84
1715594358,2024-05-13T09:59:18Z,SPTUL,"50.103699,22.045658",400,12,90
1715594361,2024-05-13T09:59:21Z,SPTUL,"50.103661,22.045923",400,13,90
1715594363,2024-05-13T09:59:23Z,SPTUL,"50.103699,22.046164",400,14,90
1715594366,2024-05-13T09:59:26Z,SPTUL,"50.103699,22.046543",0,15,90
1715594368,2024-05-13T09:59:28Z,SPTUL,"50.10371,22.046778",0,16,87
1715594370,2024-05-13T09:59:30Z,SPTUL,"50.103706,22.047018",0,17,90
1715594372,2024-05-13T09:59:32Z,SPTUL,"50.10371,22.047266",0,18,90
1715594374,2024-05-13T09:59:34Z,SPTUL,"50.10371,22.047537",0,18,90
1715594376,2024-05-13T09:59:36Z,SPTUL,"50.10371,22.047754",0,19,90
1715594383,2024-05-13T09:59:43Z,SPTUL,"50.103722,22.04891",0,20,87
1715594391,2024-05-13T09:59:51Z,SPTUL,"50.103706,22.050007",0,20,95
1715594394,2024-05-13T09:59:54Z,SPTUL,"50.103638,22.050396",0,20,112
1715594395,2024-05-13T09:59:55Z,SPTUL,"50.103569,22.050619",0,20,118
1715594398,2024-05-13T09:59:58Z,SPTUL,"50.103424,22.050934",0,21,123
1715594400,2024-05-13T10:00:00Z,SPTUL,"50.103287,22.05126",0,21,126
1715594403,2024-05-13T10:00:03Z,SPTUL,"50.103127,22.051584",0,22,126
1715594405,2024-05-13T10:00:05Z,SPTUL,"50.102985,22.051918",0,21,123
1715594407,2024-05-13T10:00:07Z,SPTUL,"50.102875,22.052145",0,20,126
1715594409,2024-05-13T10:00:09Z,SPTUL,"50.102776,22.052362",0,18,126
1715594412,2024-05-13T10:00:12Z,SPTUL,"50.102669,22.052668",0,16,118
1715594415,2024-05-13T10:00:15Z,SPTUL,"50.102615,22.052994",0,15,98
1715594417,2024-05-13T10:00:17Z,SPTUL,"50.102615,22.053198",0,14,87
1715594419,2024-05-13T10:00:19Z,SPTUL,"50.102615,22.053402",0,14,87
1715594421,2024-05-13T10:00:21Z,SPTUL,"50.102634,22.053608",0,13,75
1715594425,2024-05-13T10:00:25Z,SPTUL,"50.102661,22.05381",0,7,90
1715594431,2024-05-13T10:00:31Z,SPTUL,"50.102577,22.054024",0,4,129
1715594440,2024-05-13T10:00:40Z,SPTUL,"50.102692,22.052578",0,1,146
